datetime,close_ce,close_pe,MinutePnL,CumulativePnL,key
2025-01-31 09:20:00,348.6,295.55,0.0,0.0,2025-01-31_reentry_0
2025-01-31 09:21:00,361.2,284.0,-1.0499999999999545,-78.74999999999659,2025-01-31_reentry_0
2025-01-31 09:22:00,361.0,282.75,0.40000000000009095,30.00000000000682,2025-01-31_reentry_0
2025-01-31 09:23:00,365.75,282.1,-3.699999999999932,-277.4999999999949,2025-01-31_reentry_0
2025-01-31 09:24:00,364.0,283.0,-2.849999999999909,-213.74999999999318,2025-01-31_reentry_0
2025-01-31 09:25:00,365.75,279.7,-1.2999999999999545,-97.49999999999659,2025-01-31_reentry_0
2025-01-31 09:26:00,368.7,278.35,-2.8999999999998636,-217.49999999998977,2025-01-31_reentry_0
2025-01-31 09:27:00,371.25,278.2,-5.2999999999999545,-397.4999999999966,2025-01-31_reentry_0
2025-01-31 09:28:00,361.9,280.85,1.400000000000091,105.00000000000682,2025-01-31_reentry_0
2025-01-31 09:29:00,367.5,278.75,-2.099999999999909,-157.49999999999318,2025-01-31_reentry_0
2025-01-31 09:30:00,363.65,283.05,-2.5499999999999545,-191.2499999999966,2025-01-31_reentry_0
2025-01-31 09:31:00,365.2,282.3,-3.349999999999909,-251.24999999999318,2025-01-31_reentry_0
2025-01-31 09:32:00,363.65,284.75,-4.249999999999886,-318.7499999999915,2025-01-31_reentry_0
2025-01-31 09:33:00,367.5,280.9,-4.249999999999886,-318.7499999999915,2025-01-31_reentry_0
2025-01-31 09:34:00,365.0,283.45,-4.2999999999999545,-322.4999999999966,2025-01-31_reentry_0
2025-01-31 09:35:00,355.3,290.75,-1.8999999999998636,-142.49999999998977,2025-01-31_reentry_0
2025-01-31 09:36:00,355.0,292.9,-3.7499999999998863,-281.2499999999915,2025-01-31_reentry_0
2025-01-31 09:37:00,360.25,286.95,-3.0499999999999545,-228.7499999999966,2025-01-31_reentry_0
2025-01-31 09:38:00,361.0,289.75,-6.599999999999909,-494.9999999999932,2025-01-31_reentry_0
2025-01-31 09:39:00,367.5,282.45,-5.7999999999999545,-434.9999999999966,2025-01-31_reentry_0
2025-01-31 09:40:00,361.9,289.25,-6.999999999999886,-524.9999999999915,2025-01-31_reentry_0
2025-01-31 09:41:00,364.2,287.0,-7.0499999999999545,-528.7499999999966,2025-01-31_reentry_0
2025-01-31 09:42:00,374.15,278.65,-8.649999999999864,-648.7499999999898,2025-01-31_reentry_0
2025-01-31 09:43:00,376.9,273.85,-6.599999999999909,-494.9999999999932,2025-01-31_reentry_0
2025-01-31 09:44:00,375.1,273.85,-4.7999999999999545,-359.9999999999966,2025-01-31_reentry_0
2025-01-31 09:45:00,378.0,270.45,-4.2999999999999545,-322.4999999999966,2025-01-31_reentry_0
2025-01-31 09:46:00,376.7,272.6,-5.149999999999864,-386.24999999998977,2025-01-31_reentry_0
2025-01-31 09:47:00,381.15,267.3,-4.2999999999999545,-322.4999999999966,2025-01-31_reentry_0
2025-01-31 09:48:00,380.95,266.25,-3.0499999999999545,-228.7499999999966,2025-01-31_reentry_0
2025-01-31 09:49:00,380.05,262.3,1.8000000000000682,135.00000000000512,2025-01-31_reentry_0
2025-01-31 09:50:00,375.2,266.5,2.4500000000000455,183.7500000000034,2025-01-31_reentry_0
2025-01-31 09:51:00,377.25,264.45,2.4500000000000455,183.7500000000034,2025-01-31_reentry_0
2025-01-31 09:52:00,376.9,265.25,2.0000000000001137,150.00000000000853,2025-01-31_reentry_0
2025-01-31 09:53:00,367.85,271.05,5.25,393.75,2025-01-31_reentry_0
2025-01-31 09:54:00,369.85,269.95,4.350000000000136,326.25000000001023,2025-01-31_reentry_0
2025-01-31 09:55:00,378.55,263.45,2.150000000000091,161.25000000000682,2025-01-31_reentry_0
2025-01-31 09:56:00,380.9,261.5,1.7500000000001137,131.25000000000853,2025-01-31_reentry_0
2025-01-31 09:57:00,381.8,260.35,2.0,150.0,2025-01-31_reentry_0
2025-01-31 09:58:00,385.2,257.7,1.2500000000001137,93.75000000000853,2025-01-31_reentry_0
2025-01-31 09:59:00,381.45,254.95,7.750000000000114,581.2500000000085,2025-01-31_reentry_0
2025-01-31 10:00:00,382.5,255.8,5.850000000000136,438.75000000001023,2025-01-31_reentry_0
2025-01-31 10:01:00,381.65,254.95,7.550000000000182,566.2500000000136,2025-01-31_reentry_0
2025-01-31 10:02:00,386.2,251.0,6.9500000000000455,521.2500000000034,2025-01-31_reentry_0
2025-01-31 10:03:00,384.8,252.4,6.9500000000000455,521.2500000000034,2025-01-31_reentry_0
2025-01-31 10:04:00,379.6,257.0,7.550000000000068,566.2500000000051,2025-01-31_reentry_0
2025-01-31 10:05:00,372.3,261.25,10.600000000000136,795.0000000000102,2025-01-31_reentry_0
2025-01-31 10:06:00,367.45,262.6,14.100000000000136,1057.5000000000102,2025-01-31_reentry_0
2025-01-31 10:07:00,366.05,264.0,14.100000000000136,1057.5000000000102,2025-01-31_reentry_0
2025-01-31 10:08:00,366.6,264.75,12.800000000000068,960.0000000000051,2025-01-31_reentry_0
2025-01-31 10:09:00,365.25,264.0,14.900000000000091,1117.5000000000068,2025-01-31_reentry_0
2025-01-31 10:10:00,366.3,265.6,12.25,918.75,2025-01-31_reentry_0
2025-01-31 10:11:00,366.75,263.1,14.300000000000068,1072.500000000005,2025-01-31_reentry_0
2025-01-31 10:12:00,362.25,266.65,15.250000000000114,1143.7500000000086,2025-01-31_reentry_0
2025-01-31 10:13:00,365.7,259.1,19.350000000000136,1451.2500000000102,2025-01-31_reentry_0
2025-01-31 10:14:00,368.1,256.55,19.5,1462.5,2025-01-31_reentry_0
2025-01-31 10:15:00,371.95,252.2,20.000000000000114,1500.0000000000086,2025-01-31_reentry_0
2025-01-31 10:16:00,360.5,262.95,20.700000000000045,1552.5000000000034,2025-01-31_reentry_0
2025-01-31 10:17:00,367.0,256.95,20.200000000000045,1515.0000000000034,2025-01-31_reentry_0
2025-01-31 10:18:00,367.9,253.6,22.65000000000009,1698.7500000000068,2025-01-31_reentry_0
2025-01-31 10:19:00,373.0,247.15,24.000000000000114,1800.0000000000086,2025-01-31_reentry_0
2025-01-31 10:20:00,376.8,241.5,25.850000000000136,1938.7500000000102,2025-01-31_reentry_0
2025-01-31 10:21:00,372.25,246.4,25.500000000000114,1912.5000000000086,2025-01-31_reentry_0
2025-01-31 10:22:00,381.85,236.3,26.0,1950.0,2025-01-31_reentry_0
2025-01-31 10:23:00,381.5,236.6,26.050000000000068,1953.750000000005,2025-01-31_reentry_0
2025-01-31 10:24:00,381.65,237.7,24.800000000000182,1860.0000000000136,2025-01-31_reentry_0
2025-01-31 10:25:00,379.6,240.7,23.850000000000136,1788.7500000000102,2025-01-31_reentry_0
2025-01-31 10:26:00,384.95,233.2,26.000000000000114,1950.0000000000086,2025-01-31_reentry_0
2025-01-31 10:27:00,382.0,236.85,25.300000000000068,1897.500000000005,2025-01-31_reentry_0
2025-01-31 10:28:00,379.05,237.6,27.500000000000114,2062.5000000000086,2025-01-31_reentry_0
2025-01-31 10:29:00,376.95,240.35,26.850000000000136,2013.7500000000102,2025-01-31_reentry_0
2025-01-31 10:30:00,380.0,236.0,28.15000000000009,2111.250000000007,2025-01-31_reentry_0
2025-01-31 10:31:00,387.0,223.85,33.30000000000007,2497.500000000005,2025-01-31_reentry_0
2025-01-31 10:32:00,389.1,223.35,31.700000000000045,2377.5000000000036,2025-01-31_reentry_0
2025-01-31 10:33:00,388.6,222.1,33.450000000000045,2508.7500000000036,2025-01-31_reentry_0
2025-01-31 10:34:00,385.5,225.2,33.450000000000045,2508.7500000000036,2025-01-31_reentry_0
2025-01-31 10:35:00,388.1,223.4,32.65000000000009,2448.750000000007,2025-01-31_reentry_0
2025-01-31 10:36:00,381.85,227.2,35.100000000000136,2632.50000000001,2025-01-31_reentry_0
2025-01-31 10:37:00,376.85,229.1,38.200000000000045,2865.0000000000036,2025-01-31_reentry_0
2025-01-31 10:38:00,382.95,223.6,37.600000000000136,2820.00000000001,2025-01-31_reentry_0
2025-01-31 10:39:00,378.65,227.65,37.850000000000136,2838.75000000001,2025-01-31_reentry_0
2025-01-31 10:40:00,385.9,223.4,34.850000000000136,2613.75000000001,2025-01-31_reentry_0
2025-01-31 10:41:00,381.85,225.5,36.80000000000007,2760.000000000005,2025-01-31_reentry_0
2025-01-31 10:42:00,388.2,216.5,39.450000000000045,2958.7500000000036,2025-01-31_reentry_0
2025-01-31 10:43:00,387.4,210.0,46.750000000000114,3506.2500000000086,2025-01-31_reentry_0
2025-01-31 10:44:00,389.0,212.15,43.000000000000114,3225.0000000000086,2025-01-31_reentry_0
2025-01-31 10:45:00,387.4,213.7,43.05000000000018,3228.7500000000136,2025-01-31_reentry_0
2025-01-31 10:46:00,393.0,209.85,41.30000000000007,3097.500000000005,2025-01-31_reentry_0
2025-01-31 10:47:00,389.55,214.95,39.65000000000009,2973.750000000007,2025-01-31_reentry_0
2025-01-31 10:48:00,391.9,212.1,40.15000000000009,3011.250000000007,2025-01-31_reentry_0
2025-01-31 10:49:00,392.35,211.6,40.200000000000045,3015.0000000000036,2025-01-31_reentry_0
2025-01-31 10:50:00,390.0,214.0,40.15000000000009,3011.250000000007,2025-01-31_reentry_0
2025-01-31 10:51:00,390.25,215.2,38.700000000000045,2902.5000000000036,2025-01-31_reentry_0
2025-01-31 10:52:00,384.15,217.9,42.100000000000136,3157.50000000001,2025-01-31_reentry_0
2025-01-31 10:53:00,390.2,212.45,41.500000000000114,3112.5000000000086,2025-01-31_reentry_0
2025-01-31 10:54:00,390.0,213.0,41.15000000000009,3086.250000000007,2025-01-31_reentry_0
2025-01-31 10:55:00,393.5,213.75,36.90000000000009,2767.500000000007,2025-01-31_reentry_0
2025-01-31 10:56:00,390.0,216.85,37.30000000000007,2797.500000000005,2025-01-31_reentry_0
2025-01-31 10:57:00,390.7,217.45,36.000000000000114,2700.0000000000086,2025-01-31_reentry_0
2025-01-31 10:58:00,393.5,210.95,39.700000000000045,2977.5000000000036,2025-01-31_reentry_0
2025-01-31 10:59:00,392.9,212.7,38.55000000000018,2891.2500000000136,2025-01-31_reentry_0
2025-01-31 11:00:00,391.0,215.65,37.500000000000114,2812.5000000000086,2025-01-31_reentry_0
2025-01-31 11:01:00,392.4,213.1,38.65000000000009,2898.750000000007,2025-01-31_reentry_0
2025-01-31 11:02:00,389.25,214.95,39.950000000000045,2996.2500000000036,2025-01-31_reentry_0
2025-01-31 11:03:00,385.0,215.9,43.250000000000114,3243.7500000000086,2025-01-31_reentry_0
2025-01-31 11:04:00,395.4,205.6,43.15000000000009,3236.250000000007,2025-01-31_reentry_0
2025-01-31 11:05:00,392.2,210.8,41.15000000000009,3086.250000000007,2025-01-31_reentry_0
2025-01-31 11:06:00,392.45,209.85,41.850000000000136,3138.75000000001,2025-01-31_reentry_0
2025-01-31 11:07:00,391.3,211.4,41.450000000000045,3108.7500000000036,2025-01-31_reentry_0
2025-01-31 11:08:00,386.4,213.95,43.80000000000018,3285.0000000000136,2025-01-31_reentry_0
2025-01-31 11:09:00,380.95,217.25,45.950000000000045,3446.2500000000036,2025-01-31_reentry_0
2025-01-31 11:10:00,386.2,216.15,41.80000000000007,3135.000000000005,2025-01-31_reentry_0
2025-01-31 11:11:00,389.75,213.3,41.100000000000136,3082.50000000001,2025-01-31_reentry_0
2025-01-31 11:12:00,390.0,213.4,40.750000000000114,3056.2500000000086,2025-01-31_reentry_0
2025-01-31 11:13:00,385.85,216.0,42.30000000000007,3172.500000000005,2025-01-31_reentry_0
2025-01-31 11:14:00,387.45,217.9,38.80000000000007,2910.000000000005,2025-01-31_reentry_0
2025-01-31 11:15:00,388.6,215.7,39.850000000000136,2988.75000000001,2025-01-31_reentry_0
2025-01-31 11:16:00,392.4,211.75,40.000000000000114,3000.0000000000086,2025-01-31_reentry_0
2025-01-31 11:17:00,393.7,211.55,38.90000000000009,2917.500000000007,2025-01-31_reentry_0
2025-01-31 11:18:00,390.2,213.8,40.15000000000009,3011.250000000007,2025-01-31_reentry_0
2025-01-31 11:19:00,394.0,208.65,41.500000000000114,3112.5000000000086,2025-01-31_reentry_0
2025-01-31 11:20:00,394.65,207.25,42.250000000000114,3168.7500000000086,2025-01-31_reentry_0
2025-01-31 11:21:00,399.2,203.55,41.40000000000009,3105.000000000007,2025-01-31_reentry_0
2025-01-31 11:22:00,385.65,212.0,46.500000000000114,3487.5000000000086,2025-01-31_reentry_0
2025-01-31 11:23:00,385.95,214.5,43.700000000000045,3277.5000000000036,2025-01-31_reentry_0
2025-01-31 11:24:00,387.9,211.5,44.750000000000114,3356.2500000000086,2025-01-31_reentry_0
2025-01-31 11:25:00,388.1,210.55,45.5,3412.5,2025-01-31_reentry_0
2025-01-31 11:26:00,387.0,211.9,45.250000000000114,3393.7500000000086,2025-01-31_reentry_0
2025-01-31 11:27:00,389.05,209.0,46.100000000000136,3457.50000000001,2025-01-31_reentry_0
2025-01-31 11:28:00,386.4,212.3,45.450000000000045,3408.7500000000036,2025-01-31_reentry_0
2025-01-31 11:29:00,372.2,220.1,51.850000000000136,3888.75000000001,2025-01-31_reentry_0
2025-01-31 11:30:00,374.55,221.45,48.15000000000009,3611.250000000007,2025-01-31_reentry_0
2025-01-31 11:31:00,381.9,215.0,47.250000000000114,3543.7500000000086,2025-01-31_reentry_0
2025-01-31 11:32:00,380.1,218.5,45.55000000000007,3416.250000000005,2025-01-31_reentry_0
2025-01-31 11:33:00,378.4,219.55,46.200000000000045,3465.0000000000036,2025-01-31_reentry_0
2025-01-31 11:34:00,382.35,216.4,45.40000000000009,3405.000000000007,2025-01-31_reentry_0
2025-01-31 11:35:00,384.05,213.6,46.500000000000114,3487.5000000000086,2025-01-31_reentry_0
2025-01-31 11:36:00,383.1,215.95,45.100000000000136,3382.50000000001,2025-01-31_reentry_0
2025-01-31 11:37:00,379.15,218.65,46.350000000000136,3476.25000000001,2025-01-31_reentry_0
2025-01-31 11:38:00,376.25,219.45,48.450000000000045,3633.7500000000036,2025-01-31_reentry_0
2025-01-31 11:39:00,382.05,213.6,48.500000000000114,3637.5000000000086,2025-01-31_reentry_0
2025-01-31 11:40:00,383.6,212.5,48.05000000000007,3603.750000000005,2025-01-31_reentry_0
2025-01-31 11:41:00,379.75,217.2,47.200000000000045,3540.0000000000036,2025-01-31_reentry_0
2025-01-31 11:42:00,381.65,215.2,47.30000000000018,3547.5000000000136,2025-01-31_reentry_0
2025-01-31 11:43:00,383.8,213.0,47.350000000000136,3551.25000000001,2025-01-31_reentry_0
2025-01-31 11:44:00,385.0,211.25,47.90000000000009,3592.500000000007,2025-01-31_reentry_0
2025-01-31 11:45:00,387.0,208.2,48.950000000000045,3671.2500000000036,2025-01-31_reentry_0
2025-01-31 11:46:00,388.6,206.8,48.75,3656.25,2025-01-31_reentry_0
2025-01-31 11:47:00,387.45,208.1,48.600000000000136,3645.00000000001,2025-01-31_reentry_0
2025-01-31 11:48:00,392.0,202.65,49.500000000000114,3712.5000000000086,2025-01-31_reentry_0
2025-01-31 11:49:00,394.8,200.6,48.750000000000114,3656.2500000000086,2025-01-31_reentry_0
2025-01-31 11:50:00,395.7,199.75,48.700000000000045,3652.5000000000036,2025-01-31_reentry_0
2025-01-31 11:51:00,399.75,196.15,48.250000000000114,3618.7500000000086,2025-01-31_reentry_0
2025-01-31 11:52:00,399.65,195.45,49.05000000000018,3678.7500000000136,2025-01-31_reentry_0
2025-01-31 11:53:00,398.8,192.95,52.40000000000009,3930.000000000007,2025-01-31_reentry_0
2025-01-31 11:54:00,400.4,192.45,51.30000000000018,3847.5000000000136,2025-01-31_reentry_0
2025-01-31 11:55:00,403.35,191.7,49.100000000000136,3682.50000000001,2025-01-31_reentry_0
2025-01-31 11:56:00,401.1,194.2,48.850000000000136,3663.75000000001,2025-01-31_reentry_0
2025-01-31 11:57:00,401.05,192.05,51.05000000000007,3828.750000000005,2025-01-31_reentry_0
2025-01-31 11:58:00,399.5,194.2,50.450000000000045,3783.7500000000036,2025-01-31_reentry_0
2025-01-31 11:59:00,403.95,189.25,50.950000000000045,3821.2500000000036,2025-01-31_reentry_0
2025-01-31 12:00:00,406.25,188.85,49.05000000000007,3678.750000000005,2025-01-31_reentry_0
2025-01-31 12:01:00,402.0,190.8,51.350000000000136,3851.25000000001,2025-01-31_reentry_0
2025-01-31 12:02:00,395.2,194.5,54.450000000000045,4083.7500000000036,2025-01-31_reentry_0
2025-01-31 12:03:00,394.8,194.05,55.30000000000007,4147.5000000000055,2025-01-31_reentry_0
2025-01-31 12:04:00,395.95,194.15,54.05000000000007,4053.750000000005,2025-01-31_reentry_0
2025-01-31 12:05:00,396.6,193.2,54.350000000000136,4076.25000000001,2025-01-31_reentry_0
2025-01-31 12:06:00,397.0,193.3,53.850000000000136,4038.75000000001,2025-01-31_reentry_0
2025-01-31 12:07:00,395.0,193.6,55.55000000000007,4166.2500000000055,2025-01-31_reentry_0
2025-01-31 12:08:00,397.0,191.3,55.850000000000136,4188.75000000001,2025-01-31_reentry_0
2025-01-31 12:09:00,399.95,189.35,54.850000000000136,4113.75000000001,2025-01-31_reentry_0
2025-01-31 12:10:00,402.0,187.7,54.450000000000045,4083.7500000000036,2025-01-31_reentry_0
2025-01-31 12:11:00,401.0,188.0,55.15000000000009,4136.250000000007,2025-01-31_reentry_0
2025-01-31 12:12:00,404.85,183.25,56.05000000000007,4203.7500000000055,2025-01-31_reentry_0
2025-01-31 12:13:00,402.4,186.0,55.750000000000114,4181.250000000008,2025-01-31_reentry_0
2025-01-31 12:14:00,403.2,185.5,55.450000000000045,4158.750000000004,2025-01-31_reentry_0
2025-01-31 12:15:00,402.05,186.2,55.90000000000009,4192.500000000007,2025-01-31_reentry_0
2025-01-31 12:16:00,404.0,184.3,55.850000000000136,4188.75000000001,2025-01-31_reentry_0
2025-01-31 12:17:00,403.35,184.35,56.450000000000045,4233.750000000004,2025-01-31_reentry_0
2025-01-31 12:18:00,401.55,186.55,56.05000000000007,4203.7500000000055,2025-01-31_reentry_0
2025-01-31 12:19:00,399.65,187.0,57.500000000000114,4312.500000000008,2025-01-31_reentry_0
2025-01-31 12:20:00,395.5,189.4,59.250000000000114,4443.750000000008,2025-01-31_reentry_0
2025-01-31 12:21:00,393.55,190.1,60.500000000000114,4537.500000000008,2025-01-31_reentry_0
2025-01-31 12:22:00,396.25,190.0,57.90000000000009,4342.500000000007,2025-01-31_reentry_0
2025-01-31 12:23:00,400.8,186.85,56.500000000000114,4237.500000000008,2025-01-31_reentry_0
2025-01-31 12:24:00,402.0,184.0,58.15000000000009,4361.250000000007,2025-01-31_reentry_0
2025-01-31 12:25:00,400.75,185.5,57.90000000000009,4342.500000000007,2025-01-31_reentry_0
2025-01-31 12:26:00,402.3,183.55,58.30000000000007,4372.5000000000055,2025-01-31_reentry_0
2025-01-31 12:27:00,404.1,180.65,59.40000000000009,4455.000000000007,2025-01-31_reentry_0
2025-01-31 12:28:00,400.85,182.65,60.65000000000009,4548.750000000007,2025-01-31_reentry_0
2025-01-31 12:29:00,400.5,181.65,62.000000000000114,4650.000000000008,2025-01-31_reentry_0
2025-01-31 12:30:00,401.45,180.8,61.90000000000009,4642.500000000007,2025-01-31_reentry_0
2025-01-31 12:31:00,400.6,180.1,63.450000000000045,4758.750000000004,2025-01-31_reentry_0
2025-01-31 12:32:00,402.5,179.8,61.850000000000136,4638.75000000001,2025-01-31_reentry_0
2025-01-31 12:33:00,409.95,172.85,61.350000000000136,4601.25000000001,2025-01-31_reentry_0
2025-01-31 12:34:00,411.45,171.15,61.55000000000007,4616.2500000000055,2025-01-31_reentry_0
2025-01-31 12:35:00,412.0,170.35,61.80000000000007,4635.0000000000055,2025-01-31_reentry_0
2025-01-31 12:36:00,416.5,165.65,62.000000000000114,4650.000000000008,2025-01-31_reentry_0
2025-01-31 12:37:00,416.45,165.6,62.100000000000136,4657.50000000001,2025-01-31_reentry_0
2025-01-31 12:38:00,417.15,164.6,62.40000000000009,4680.000000000007,2025-01-31_reentry_0
2025-01-31 12:39:00,414.75,163.45,65.95000000000005,4946.250000000004,2025-01-31_reentry_0
2025-01-31 12:40:00,415.55,164.35,64.25000000000011,4818.750000000008,2025-01-31_reentry_0
2025-01-31 12:41:00,412.1,164.3,67.75,5081.25,2025-01-31_reentry_0
2025-01-31 12:42:00,417.0,163.55,63.600000000000136,4770.00000000001,2025-01-31_reentry_0
2025-01-31 12:43:00,416.0,163.6,64.55000000000007,4841.2500000000055,2025-01-31_reentry_0
2025-01-31 12:44:00,412.1,166.1,65.95000000000005,4946.250000000004,2025-01-31_reentry_0
2025-01-31 12:45:00,412.6,165.1,66.45000000000005,4983.750000000004,2025-01-31_reentry_0
2025-01-31 12:46:00,410.15,166.35,67.65000000000009,5073.750000000007,2025-01-31_reentry_0
2025-01-31 12:47:00,408.45,168.85,66.85000000000014,5013.75000000001,2025-01-31_reentry_0
2025-01-31 12:48:00,410.6,166.45,67.10000000000014,5032.50000000001,2025-01-31_reentry_0
2025-01-31 12:49:00,415.75,165.25,63.15000000000009,4736.250000000007,2025-01-31_reentry_0
2025-01-31 12:50:00,415.6,165.25,63.30000000000007,4747.5000000000055,2025-01-31_reentry_0
2025-01-31 12:51:00,415.95,167.25,60.950000000000045,4571.250000000004,2025-01-31_reentry_0
2025-01-31 12:52:00,413.7,166.85,63.600000000000136,4770.00000000001,2025-01-31_reentry_0
2025-01-31 12:53:00,415.55,165.9,62.700000000000045,4702.500000000004,2025-01-31_reentry_0
2025-01-31 12:54:00,415.2,165.6,63.350000000000136,4751.25000000001,2025-01-31_reentry_0
2025-01-31 12:55:00,416.45,165.35,62.350000000000136,4676.25000000001,2025-01-31_reentry_0
2025-01-31 12:56:00,417.35,164.8,62.0,4650.0,2025-01-31_reentry_0
2025-01-31 12:57:00,417.5,165.25,61.40000000000009,4605.000000000007,2025-01-31_reentry_0
2025-01-31 12:58:00,418.75,162.9,62.500000000000114,4687.500000000008,2025-01-31_reentry_0
2025-01-31 13:03:00,285.3,232.5,0.0,0.0,2025-01-31_reentry_1
2025-01-31 13:04:00,284.1,235.0,-1.3000000000000682,-97.50000000000512,2025-01-31_reentry_1
2025-01-31 13:05:00,284.8,234.5,-1.5,-112.5,2025-01-31_reentry_1
2025-01-31 13:06:00,284.7,235.5,-2.400000000000091,-180.00000000000682,2025-01-31_reentry_1
2025-01-31 13:07:00,287.0,231.8,-1.0,-75.0,2025-01-31_reentry_1
2025-01-31 13:08:00,289.0,230.7,-1.900000000000091,-142.50000000000682,2025-01-31_reentry_1
2025-01-31 13:09:00,291.8,227.75,-1.75,-131.25,2025-01-31_reentry_1
2025-01-31 13:10:00,293.3,226.7,-2.2000000000000455,-165.0000000000034,2025-01-31_reentry_1
2025-01-31 13:11:00,292.0,228.05,-2.25,-168.75,2025-01-31_reentry_1
2025-01-31 13:12:00,293.1,226.0,-1.3000000000000682,-97.50000000000512,2025-01-31_reentry_1
2025-01-31 13:13:00,293.35,225.65,-1.2000000000000455,-90.00000000000341,2025-01-31_reentry_1
2025-01-31 13:14:00,294.5,224.0,-0.7000000000000455,-52.50000000000341,2025-01-31_reentry_1
2025-01-31 13:15:00,296.7,224.55,-3.4500000000000455,-258.7500000000034,2025-01-31_reentry_1
2025-01-31 13:16:00,297.9,224.9,-5.0,-375.0,2025-01-31_reentry_1
2025-01-31 13:17:00,294.85,227.75,-4.800000000000068,-360.0000000000051,2025-01-31_reentry_1
2025-01-31 13:18:00,293.9,228.3,-4.400000000000091,-330.0000000000068,2025-01-31_reentry_1
2025-01-31 13:19:00,294.6,227.4,-4.2000000000000455,-315.0000000000034,2025-01-31_reentry_1
2025-01-31 13:20:00,295.0,229.4,-6.600000000000023,-495.0000000000017,2025-01-31_reentry_1
2025-01-31 13:21:00,295.0,230.0,-7.2000000000000455,-540.0000000000034,2025-01-31_reentry_1
2025-01-31 13:22:00,294.25,230.7,-7.150000000000091,-536.2500000000068,2025-01-31_reentry_1
2025-01-31 13:23:00,295.95,228.15,-6.300000000000068,-472.5000000000051,2025-01-31_reentry_1
2025-01-31 13:24:00,298.75,229.5,-10.450000000000045,-783.7500000000034,2025-01-31_reentry_1
2025-01-31 13:25:00,301.15,232.7,-16.049999999999955,-1203.7499999999966,2025-01-31_reentry_1
2025-01-31 13:26:00,309.9,228.45,-20.549999999999955,-1541.2499999999966,2025-01-31_reentry_1
2025-01-31 13:27:00,307.55,231.1,-20.850000000000023,-1563.7500000000018,2025-01-31_reentry_1
2025-01-31 13:28:00,308.95,231.95,-23.100000000000023,-1732.5000000000018,2025-01-31_reentry_1
2025-01-31 13:29:00,309.35,231.75,-23.300000000000068,-1747.500000000005,2025-01-31_reentry_1
2025-01-31 13:30:00,308.85,231.25,-22.300000000000068,-1672.500000000005,2025-01-31_reentry_1
2025-01-31 13:31:00,309.95,228.95,-21.100000000000023,-1582.5000000000018,2025-01-31_reentry_1
2025-01-31 13:32:00,302.75,232.3,-17.25,-1293.75,2025-01-31_reentry_1
2025-01-31 13:33:00,307.9,230.65,-20.75,-1556.25,2025-01-31_reentry_1
2025-01-31 13:34:00,307.05,230.85,-20.100000000000023,-1507.5000000000018,2025-01-31_reentry_1
2025-01-31 13:35:00,305.2,232.55,-19.950000000000045,-1496.2500000000034,2025-01-31_reentry_1
2025-01-31 13:36:00,304.0,233.0,-19.200000000000045,-1440.0000000000034,2025-01-31_reentry_1
2025-01-31 13:37:00,299.85,235.6,-17.65000000000009,-1323.7500000000068,2025-01-31_reentry_1
2025-01-31 13:38:00,299.75,235.7,-17.65000000000009,-1323.7500000000068,2025-01-31_reentry_1
2025-01-31 13:39:00,295.8,237.0,-15.0,-1125.0,2025-01-31_reentry_1
2025-01-31 13:40:00,301.0,234.0,-17.200000000000045,-1290.0000000000034,2025-01-31_reentry_1
2025-01-31 13:41:00,299.85,235.0,-17.050000000000068,-1278.750000000005,2025-01-31_reentry_1
2025-01-31 13:42:00,300.75,234.35,-17.300000000000068,-1297.500000000005,2025-01-31_reentry_1
2025-01-31 13:43:00,289.1,237.0,-8.300000000000068,-622.5000000000051,2025-01-31_reentry_1
2025-01-31 13:44:00,294.0,235.0,-11.200000000000045,-840.0000000000034,2025-01-31_reentry_1
2025-01-31 13:45:00,292.9,235.0,-10.100000000000023,-757.5000000000017,2025-01-31_reentry_1
2025-01-31 13:46:00,294.8,230.35,-7.350000000000023,-551.2500000000017,2025-01-31_reentry_1
2025-01-31 13:47:00,291.3,234.5,-8.0,-600.0,2025-01-31_reentry_1
2025-01-31 13:48:00,290.2,235.35,-7.75,-581.25,2025-01-31_reentry_1
2025-01-31 13:49:00,290.25,236.1,-8.550000000000068,-641.2500000000051,2025-01-31_reentry_1
2025-01-31 13:50:00,291.15,235.05,-8.400000000000091,-630.0000000000068,2025-01-31_reentry_1
2025-01-31 13:51:00,288.65,237.2,-8.049999999999955,-603.7499999999966,2025-01-31_reentry_1
2025-01-31 13:52:00,285.1,240.1,-7.400000000000091,-555.0000000000068,2025-01-31_reentry_1
2025-01-31 13:53:00,286.4,240.5,-9.100000000000023,-682.5000000000017,2025-01-31_reentry_1
2025-01-31 13:54:00,285.3,242.5,-10.0,-750.0,2025-01-31_reentry_1
2025-01-31 13:55:00,283.8,243.25,-9.25,-693.75,2025-01-31_reentry_1
2025-01-31 13:56:00,281.0,245.1,-8.300000000000068,-622.5000000000051,2025-01-31_reentry_1
2025-01-31 13:57:00,277.8,246.45,-6.4500000000000455,-483.7500000000034,2025-01-31_reentry_1
2025-01-31 13:58:00,280.4,245.05,-7.650000000000091,-573.7500000000068,2025-01-31_reentry_1
2025-01-31 13:59:00,278.8,245.95,-6.9500000000000455,-521.2500000000034,2025-01-31_reentry_1
2025-01-31 14:00:00,275.0,249.5,-6.7000000000000455,-502.5000000000034,2025-01-31_reentry_1
2025-01-31 14:01:00,278.5,246.6,-7.300000000000068,-547.5000000000051,2025-01-31_reentry_1
2025-01-31 14:02:00,277.8,247.65,-7.650000000000091,-573.7500000000068,2025-01-31_reentry_1
2025-01-31 14:03:00,276.9,248.45,-7.5499999999999545,-566.2499999999966,2025-01-31_reentry_1
2025-01-31 14:04:00,274.75,250.15,-7.100000000000023,-532.5000000000017,2025-01-31_reentry_1
2025-01-31 14:05:00,261.15,262.0,-5.350000000000023,-401.2500000000017,2025-01-31_reentry_1
2025-01-31 14:06:00,260.3,263.35,-5.850000000000136,-438.75000000001023,2025-01-31_reentry_1
2025-01-31 14:07:00,261.45,261.85,-5.5,-412.5,2025-01-31_reentry_1
2025-01-31 14:08:00,263.5,260.05,-5.75,-431.25,2025-01-31_reentry_1
2025-01-31 14:09:00,260.35,263.85,-6.400000000000091,-480.0000000000068,2025-01-31_reentry_1
2025-01-31 14:10:00,260.8,264.65,-7.650000000000091,-573.7500000000068,2025-01-31_reentry_1
2025-01-31 14:11:00,261.75,260.85,-4.800000000000068,-360.0000000000051,2025-01-31_reentry_1
2025-01-31 14:12:00,263.0,256.85,-2.050000000000068,-153.75000000000512,2025-01-31_reentry_1
2025-01-31 14:13:00,262.1,259.65,-3.9500000000000455,-296.2500000000034,2025-01-31_reentry_1
2025-01-31 14:14:00,266.0,250.8,1.0,75.0,2025-01-31_reentry_1
2025-01-31 14:15:00,263.2,258.0,-3.400000000000091,-255.00000000000682,2025-01-31_reentry_1
2025-01-31 14:16:00,258.2,265.35,-5.75,-431.25,2025-01-31_reentry_1
2025-01-31 14:17:00,261.25,260.8,-4.25,-318.75,2025-01-31_reentry_1
2025-01-31 14:18:00,259.75,262.7,-4.650000000000091,-348.7500000000068,2025-01-31_reentry_1
2025-01-31 14:19:00,263.7,257.3,-3.2000000000000455,-240.0000000000034,2025-01-31_reentry_1
2025-01-31 14:20:00,262.75,259.35,-4.300000000000068,-322.5000000000051,2025-01-31_reentry_1
2025-01-31 14:21:00,264.85,256.7,-3.75,-281.25,2025-01-31_reentry_1
2025-01-31 14:22:00,267.7,253.6,-3.5,-262.5,2025-01-31_reentry_1
2025-01-31 14:23:00,269.25,247.45,1.099999999999909,82.49999999999318,2025-01-31_reentry_1
2025-01-31 14:24:00,266.65,250.5,0.6499999999999773,48.749999999998295,2025-01-31_reentry_1
2025-01-31 14:25:00,262.9,256.45,-1.5499999999999545,-116.24999999999659,2025-01-31_reentry_1
2025-01-31 14:26:00,262.8,255.55,-0.5500000000000682,-41.250000000005116,2025-01-31_reentry_1
2025-01-31 14:27:00,262.0,256.1,-0.3000000000000682,-22.500000000005116,2025-01-31_reentry_1
2025-01-31 14:28:00,260.9,257.8,-0.900000000000091,-67.50000000000682,2025-01-31_reentry_1
2025-01-31 14:29:00,265.0,253.3,-0.5,-37.5,2025-01-31_reentry_1
2025-01-31 14:30:00,261.2,259.3,-2.7000000000000455,-202.5000000000034,2025-01-31_reentry_1
2025-01-31 14:31:00,264.8,254.9,-1.900000000000091,-142.50000000000682,2025-01-31_reentry_1
2025-01-31 14:32:00,265.5,254.25,-1.9500000000000455,-146.2500000000034,2025-01-31_reentry_1
2025-01-31 14:33:00,267.65,250.7,-0.5499999999999545,-41.24999999999659,2025-01-31_reentry_1
2025-01-31 14:34:00,269.6,249.3,-1.1000000000001364,-82.50000000001023,2025-01-31_reentry_1
2025-01-31 14:35:00,268.5,249.3,0.0,0.0,2025-01-31_reentry_1
2025-01-31 14:36:00,267.0,251.4,-0.6000000000000227,-45.000000000001705,2025-01-31_reentry_1
2025-01-31 14:37:00,270.5,246.0,1.2999999999999545,97.49999999999659,2025-01-31_reentry_1
2025-01-31 14:38:00,271.5,244.4,1.8999999999999773,142.4999999999983,2025-01-31_reentry_1
2025-01-31 14:39:00,274.85,237.0,5.949999999999932,446.2499999999949,2025-01-31_reentry_1
2025-01-31 14:40:00,276.25,239.75,1.7999999999999545,134.9999999999966,2025-01-31_reentry_1
2025-01-31 14:41:00,277.05,237.9,2.849999999999909,213.74999999999318,2025-01-31_reentry_1
2025-01-31 14:42:00,281.15,232.0,4.649999999999977,348.7499999999983,2025-01-31_reentry_1
2025-01-31 14:43:00,285.0,224.4,8.399999999999977,629.9999999999983,2025-01-31_reentry_1
2025-01-31 14:44:00,283.4,226.25,8.149999999999977,611.2499999999983,2025-01-31_reentry_1
2025-01-31 14:45:00,281.9,230.25,5.649999999999977,423.7499999999983,2025-01-31_reentry_1
2025-01-31 14:46:00,286.25,225.35,6.199999999999932,464.9999999999949,2025-01-31_reentry_1
2025-01-31 14:47:00,285.35,228.35,4.099999999999909,307.4999999999932,2025-01-31_reentry_1
2025-01-31 14:48:00,283.55,229.4,4.849999999999909,363.7499999999932,2025-01-31_reentry_1
2025-01-31 14:49:00,287.3,225.75,4.75,356.25,2025-01-31_reentry_1
2025-01-31 14:50:00,289.85,221.75,6.199999999999932,464.9999999999949,2025-01-31_reentry_1
2025-01-31 14:51:00,287.95,224.0,5.849999999999966,438.74999999999744,2025-01-31_reentry_1
2025-01-31 14:52:00,290.8,220.8,6.199999999999932,464.9999999999949,2025-01-31_reentry_1
2025-01-31 14:53:00,289.85,221.2,6.749999999999943,506.24999999999574,2025-01-31_reentry_1
2025-01-31 14:54:00,287.3,222.25,8.249999999999943,618.7499999999957,2025-01-31_reentry_1
2025-01-31 14:55:00,286.1,222.8,8.89999999999992,667.4999999999941,2025-01-31_reentry_1
2025-01-31 14:56:00,287.0,221.95,8.849999999999966,663.7499999999975,2025-01-31_reentry_1
2025-01-31 14:57:00,289.85,217.15,10.799999999999955,809.9999999999966,2025-01-31_reentry_1
2025-01-31 14:58:00,286.35,220.7,10.749999999999943,806.2499999999957,2025-01-31_reentry_1
2025-01-31 14:59:00,290.9,216.7,10.199999999999989,764.9999999999991,2025-01-31_reentry_1
2025-01-31 15:00:00,289.7,216.5,11.599999999999966,869.9999999999975,2025-01-31_reentry_1
2025-01-31 15:01:00,284.15,222.3,11.349999999999966,851.2499999999975,2025-01-31_reentry_1
2025-01-31 15:02:00,279.75,223.65,14.399999999999977,1079.9999999999982,2025-01-31_reentry_1
2025-01-31 15:03:00,282.25,218.5,17.049999999999955,1278.7499999999966,2025-01-31_reentry_1
2025-01-31 15:04:00,281.5,218.75,17.549999999999955,1316.2499999999966,2025-01-31_reentry_1
2025-01-31 15:05:00,272.25,224.5,21.049999999999955,1578.7499999999966,2025-01-31_reentry_1
2025-01-31 15:06:00,272.75,224.55,20.499999999999943,1537.4999999999957,2025-01-31_reentry_1
2025-01-31 15:07:00,269.3,223.0,25.499999999999943,1912.4999999999957,2025-01-31_reentry_1
2025-01-31 15:08:00,275.4,217.05,25.349999999999966,1901.2499999999975,2025-01-31_reentry_1
2025-01-31 15:09:00,283.6,214.55,19.64999999999992,1473.749999999994,2025-01-31_reentry_1
2025-01-31 15:10:00,281.85,216.7,19.249999999999943,1443.7499999999957,2025-01-31_reentry_1
2025-01-31 15:11:00,280.2,217.6,20.0,1500.0,2025-01-31_reentry_1
2025-01-31 15:12:00,280.75,214.05,22.999999999999943,1724.9999999999957,2025-01-31_reentry_1
2025-01-31 15:13:00,277.65,218.65,21.5,1612.5,2025-01-31_reentry_1
2025-01-31 15:14:00,279.0,216.75,22.049999999999955,1653.7499999999966,2025-01-31_reentry_1
2025-01-31 15:15:00,279.25,219.25,19.299999999999955,1447.4999999999966,2025-01-31_reentry_1
2025-01-31 15:16:00,281.2,219.45,17.149999999999977,1286.2499999999982,2025-01-31_reentry_1
2025-01-31 15:17:00,277.2,220.95,19.649999999999977,1473.7499999999982,2025-01-31_reentry_1
2025-01-31 15:18:00,280.6,215.25,21.949999999999932,1646.249999999995,2025-01-31_reentry_1
2025-01-31 15:19:00,284.6,214.8,18.39999999999992,1379.999999999994,2025-01-31_reentry_1
2025-01-31 15:20:00,285.45,216.25,16.099999999999966,1207.4999999999975,2025-01-31_reentry_1
2025-02-03 09:20:00,171.6,121.1,0.0,0.0,2025-02-03_reentry_0
2025-02-03 09:21:00,167.5,124.7,0.5,37.5,2025-02-03_reentry_0
2025-02-03 09:22:00,169.7,121.9,1.099999999999966,82.49999999999744,2025-02-03_reentry_0
2025-02-03 09:23:00,175.2,116.95,0.5500000000000114,41.25000000000085,2025-02-03_reentry_0
2025-02-03 09:24:00,175.4,117.85,-0.5500000000000114,-41.25000000000085,2025-02-03_reentry_0
2025-02-03 09:25:00,178.7,112.1,1.900000000000034,142.50000000000256,2025-02-03_reentry_0
2025-02-03 09:26:00,187.0,101.85,3.849999999999966,288.74999999999744,2025-02-03_reentry_0
2025-02-03 09:27:00,184.15,104.25,4.300000000000011,322.50000000000085,2025-02-03_reentry_0
2025-02-03 09:28:00,189.1,100.25,3.349999999999966,251.24999999999744,2025-02-03_reentry_0
2025-02-03 09:29:00,194.45,95.75,2.5,187.5,2025-02-03_reentry_0
2025-02-03 09:30:00,189.9,99.75,3.0500000000000114,228.75000000000085,2025-02-03_reentry_0
2025-02-03 09:31:00,194.5,94.15,4.050000000000011,303.75000000000085,2025-02-03_reentry_0
2025-02-03 09:32:00,191.25,95.4,6.050000000000011,453.75000000000085,2025-02-03_reentry_0
2025-02-03 09:33:00,181.65,101.65,9.399999999999977,704.9999999999983,2025-02-03_reentry_0
2025-02-03 09:34:00,175.1,102.0,15.599999999999966,1169.9999999999975,2025-02-03_reentry_0
2025-02-03 09:35:00,170.35,106.0,16.349999999999966,1226.2499999999975,2025-02-03_reentry_0
2025-02-03 09:36:00,166.2,109.05,17.44999999999999,1308.749999999999,2025-02-03_reentry_0
2025-02-03 09:37:00,167.55,110.05,15.099999999999966,1132.4999999999975,2025-02-03_reentry_0
2025-02-03 09:38:00,159.25,115.45,18.0,1350.0,2025-02-03_reentry_0
2025-02-03 09:39:00,161.8,112.1,18.80000000000001,1410.000000000001,2025-02-03_reentry_0
2025-02-03 09:40:00,171.5,103.7,17.5,1312.5,2025-02-03_reentry_0
2025-02-03 09:41:00,163.4,109.55,19.75,1481.25,2025-02-03_reentry_0
2025-02-03 09:42:00,167.5,106.95,18.25,1368.75,2025-02-03_reentry_0
2025-02-03 09:43:00,160.3,118.25,14.149999999999977,1061.2499999999982,2025-02-03_reentry_0
2025-02-03 09:44:00,149.5,123.4,19.80000000000001,1485.000000000001,2025-02-03_reentry_0
2025-02-03 09:45:00,148.05,122.7,21.94999999999999,1646.249999999999,2025-02-03_reentry_0
2025-02-03 09:46:00,149.25,122.75,20.69999999999999,1552.499999999999,2025-02-03_reentry_0
2025-02-03 09:47:00,142.75,129.5,20.44999999999999,1533.749999999999,2025-02-03_reentry_0
2025-02-03 09:48:00,144.9,124.35,23.44999999999999,1758.749999999999,2025-02-03_reentry_0
2025-02-03 09:49:00,141.05,127.75,23.899999999999977,1792.4999999999982,2025-02-03_reentry_0
2025-02-03 09:50:00,144.35,124.2,24.149999999999977,1811.2499999999982,2025-02-03_reentry_0
2025-02-03 09:51:00,142.25,126.95,23.5,1762.5,2025-02-03_reentry_0
2025-02-03 09:52:00,141.95,130.05,20.69999999999999,1552.499999999999,2025-02-03_reentry_0
2025-02-03 09:53:00,146.8,123.25,22.649999999999977,1698.7499999999982,2025-02-03_reentry_0
2025-02-03 09:54:00,145.1,122.1,25.5,1912.5,2025-02-03_reentry_0
2025-02-03 09:55:00,145.65,121.65,25.399999999999977,1904.9999999999982,2025-02-03_reentry_0
2025-02-03 09:56:00,151.1,115.7,25.899999999999977,1942.4999999999982,2025-02-03_reentry_0
2025-02-03 09:57:00,149.3,117.3,26.099999999999966,1957.4999999999975,2025-02-03_reentry_0
2025-02-03 09:58:00,147.5,119.35,25.849999999999966,1938.7499999999975,2025-02-03_reentry_0
2025-02-03 09:59:00,151.3,115.5,25.899999999999977,1942.4999999999982,2025-02-03_reentry_0
2025-02-03 10:00:00,147.1,119.2,26.399999999999977,1979.9999999999982,2025-02-03_reentry_0
2025-02-03 10:01:00,147.4,117.65,27.649999999999977,2073.749999999998,2025-02-03_reentry_0
2025-02-03 10:02:00,149.75,115.0,27.94999999999999,2096.249999999999,2025-02-03_reentry_0
2025-02-03 10:03:00,153.2,113.5,26.0,1950.0,2025-02-03_reentry_0
2025-02-03 10:04:00,151.0,116.55,25.149999999999977,1886.2499999999982,2025-02-03_reentry_0
2025-02-03 10:05:00,152.3,116.45,23.94999999999999,1796.249999999999,2025-02-03_reentry_0
2025-02-03 10:06:00,156.15,111.0,25.55000000000001,1916.250000000001,2025-02-03_reentry_0
2025-02-03 10:07:00,160.1,107.6,25.0,1875.0,2025-02-03_reentry_0
2025-02-03 10:08:00,158.6,108.55,25.55000000000001,1916.250000000001,2025-02-03_reentry_0
2025-02-03 10:09:00,158.35,109.3,25.05000000000001,1878.750000000001,2025-02-03_reentry_0
2025-02-03 10:10:00,159.15,107.4,26.149999999999977,1961.2499999999982,2025-02-03_reentry_0
2025-02-03 10:11:00,161.8,104.85,26.05000000000001,1953.750000000001,2025-02-03_reentry_0
2025-02-03 10:12:00,155.9,107.9,28.899999999999977,2167.499999999998,2025-02-03_reentry_0
2025-02-03 10:13:00,156.85,106.35,29.5,2212.5,2025-02-03_reentry_0
2025-02-03 10:14:00,157.75,107.35,27.599999999999966,2069.9999999999973,2025-02-03_reentry_0
2025-02-03 10:15:00,151.2,111.75,29.75,2231.25,2025-02-03_reentry_0
2025-02-03 10:16:00,155.9,108.75,28.05000000000001,2103.750000000001,2025-02-03_reentry_0
2025-02-03 10:17:00,152.85,111.8,28.05000000000001,2103.750000000001,2025-02-03_reentry_0
2025-02-03 10:18:00,154.6,111.2,26.899999999999977,2017.4999999999982,2025-02-03_reentry_0
2025-02-03 10:19:00,155.35,109.4,27.94999999999999,2096.249999999999,2025-02-03_reentry_0
2025-02-03 10:20:00,156.0,109.65,27.05000000000001,2028.750000000001,2025-02-03_reentry_0
2025-02-03 10:21:00,159.6,106.15,26.94999999999999,2021.249999999999,2025-02-03_reentry_0
2025-02-03 10:22:00,163.05,101.75,27.899999999999977,2092.499999999998,2025-02-03_reentry_0
2025-02-03 10:23:00,166.7,99.5,26.5,1987.5,2025-02-03_reentry_0
2025-02-03 10:24:00,167.0,98.55,27.149999999999977,2036.2499999999982,2025-02-03_reentry_0
2025-02-03 10:25:00,163.75,99.8,29.149999999999977,2186.249999999998,2025-02-03_reentry_0
2025-02-03 10:26:00,164.65,99.6,28.44999999999999,2133.749999999999,2025-02-03_reentry_0
2025-02-03 10:27:00,166.5,97.65,28.55000000000001,2141.250000000001,2025-02-03_reentry_0
2025-02-03 10:28:00,163.25,98.65,30.80000000000001,2310.000000000001,2025-02-03_reentry_0
2025-02-03 10:29:00,164.75,97.45,30.5,2287.5,2025-02-03_reentry_0
2025-02-03 10:30:00,163.7,98.3,30.69999999999999,2302.499999999999,2025-02-03_reentry_0
2025-02-03 10:31:00,164.55,97.8,30.349999999999966,2276.2499999999973,2025-02-03_reentry_0
2025-02-03 10:32:00,161.95,100.0,30.75,2306.25,2025-02-03_reentry_0
2025-02-03 10:33:00,161.35,100.6,30.75,2306.25,2025-02-03_reentry_0
2025-02-03 10:34:00,165.25,97.9,29.55000000000001,2216.250000000001,2025-02-03_reentry_0
2025-02-03 10:35:00,167.85,96.45,28.399999999999977,2129.999999999998,2025-02-03_reentry_0
2025-02-03 10:36:00,166.55,97.35,28.80000000000001,2160.000000000001,2025-02-03_reentry_0
2025-02-03 10:37:00,164.4,98.75,29.55000000000001,2216.250000000001,2025-02-03_reentry_0
2025-02-03 10:38:00,167.15,98.75,26.80000000000001,2010.000000000001,2025-02-03_reentry_0
2025-02-03 10:39:00,166.05,101.2,25.44999999999999,1908.749999999999,2025-02-03_reentry_0
2025-02-03 10:40:00,166.45,99.95,26.30000000000001,1972.500000000001,2025-02-03_reentry_0
2025-02-03 10:41:00,167.8,99.2,25.69999999999999,1927.499999999999,2025-02-03_reentry_0
2025-02-03 10:42:00,185.4,87.55,19.75,1481.25,2025-02-03_reentry_0
2025-02-03 10:43:00,187.8,84.15,20.749999999999943,1556.2499999999957,2025-02-03_reentry_0
2025-02-03 10:44:00,185.7,85.65,21.349999999999966,1601.2499999999975,2025-02-03_reentry_0
2025-02-03 10:45:00,182.85,86.0,23.849999999999966,1788.7499999999975,2025-02-03_reentry_0
2025-02-03 10:46:00,187.0,84.1,21.599999999999966,1619.9999999999975,2025-02-03_reentry_0
2025-02-03 10:47:00,185.8,84.0,22.899999999999977,1717.4999999999982,2025-02-03_reentry_0
2025-02-03 10:48:00,183.15,82.85,26.69999999999999,2002.499999999999,2025-02-03_reentry_0
2025-02-03 10:49:00,181.5,83.8,27.399999999999977,2054.999999999998,2025-02-03_reentry_0
2025-02-03 10:50:00,181.95,84.2,26.55000000000001,1991.250000000001,2025-02-03_reentry_0
2025-02-03 10:51:00,176.95,86.5,29.25,2193.75,2025-02-03_reentry_0
2025-02-03 10:52:00,177.85,87.3,27.55000000000001,2066.250000000001,2025-02-03_reentry_0
2025-02-03 10:53:00,175.95,88.65,28.099999999999966,2107.4999999999973,2025-02-03_reentry_0
2025-02-03 10:54:00,178.2,87.45,27.05000000000001,2028.750000000001,2025-02-03_reentry_0
2025-02-03 10:55:00,178.5,87.6,26.599999999999966,1994.9999999999975,2025-02-03_reentry_0
2025-02-03 10:56:00,178.95,87.15,26.599999999999966,1994.9999999999975,2025-02-03_reentry_0
2025-02-03 10:57:00,179.0,86.75,26.94999999999999,2021.249999999999,2025-02-03_reentry_0
2025-02-03 10:58:00,182.25,83.55,26.899999999999977,2017.4999999999982,2025-02-03_reentry_0
2025-02-03 10:59:00,186.3,81.1,25.30000000000001,1897.500000000001,2025-02-03_reentry_0
2025-02-03 11:00:00,188.2,80.3,24.19999999999999,1814.999999999999,2025-02-03_reentry_0
2025-02-03 11:01:00,185.55,81.05,26.099999999999966,1957.4999999999975,2025-02-03_reentry_0
2025-02-03 11:02:00,180.15,82.9,29.649999999999977,2223.749999999998,2025-02-03_reentry_0
2025-02-03 11:03:00,181.15,82.9,28.649999999999977,2148.749999999998,2025-02-03_reentry_0
2025-02-03 11:04:00,185.0,82.0,25.69999999999999,1927.499999999999,2025-02-03_reentry_0
2025-02-03 11:05:00,186.3,81.4,24.999999999999943,1874.9999999999957,2025-02-03_reentry_0
2025-02-03 11:06:00,184.45,81.9,26.349999999999966,1976.2499999999975,2025-02-03_reentry_0
2025-02-03 11:07:00,184.4,82.0,26.30000000000001,1972.500000000001,2025-02-03_reentry_0
2025-02-03 11:08:00,180.95,83.25,28.5,2137.5,2025-02-03_reentry_0
2025-02-03 11:09:00,181.75,83.4,27.55000000000001,2066.250000000001,2025-02-03_reentry_0
2025-02-03 11:10:00,183.9,82.0,26.80000000000001,2010.000000000001,2025-02-03_reentry_0
2025-02-03 11:11:00,185.65,80.7,26.349999999999966,1976.2499999999975,2025-02-03_reentry_0
2025-02-03 11:12:00,187.55,79.1,26.05000000000001,1953.750000000001,2025-02-03_reentry_0
2025-02-03 11:13:00,186.6,80.0,26.099999999999966,1957.4999999999975,2025-02-03_reentry_0
2025-02-03 11:14:00,188.55,78.25,25.899999999999977,1942.4999999999982,2025-02-03_reentry_0
2025-02-03 11:15:00,186.05,79.85,26.80000000000001,2010.000000000001,2025-02-03_reentry_0
2025-02-03 11:16:00,191.75,77.4,23.55000000000001,1766.250000000001,2025-02-03_reentry_0
2025-02-03 11:17:00,195.85,76.75,20.099999999999966,1507.4999999999975,2025-02-03_reentry_0
2025-02-03 11:18:00,194.85,76.4,21.44999999999999,1608.749999999999,2025-02-03_reentry_0
2025-02-03 11:19:00,195.6,76.1,21.0,1575.0,2025-02-03_reentry_0
2025-02-03 11:20:00,193.4,77.3,22.0,1650.0,2025-02-03_reentry_0
2025-02-03 11:21:00,188.7,79.2,24.80000000000001,1860.000000000001,2025-02-03_reentry_0
2025-02-03 11:22:00,188.6,78.9,25.19999999999999,1889.999999999999,2025-02-03_reentry_0
2025-02-03 11:23:00,187.15,79.4,26.149999999999977,1961.2499999999982,2025-02-03_reentry_0
2025-02-03 11:24:00,179.8,82.05,30.849999999999966,2313.7499999999973,2025-02-03_reentry_0
2025-02-03 11:25:00,173.75,86.35,32.599999999999966,2444.9999999999973,2025-02-03_reentry_0
2025-02-03 11:26:00,175.1,85.15,32.44999999999999,2433.749999999999,2025-02-03_reentry_0
2025-02-03 11:27:00,172.4,87.2,33.099999999999966,2482.4999999999973,2025-02-03_reentry_0
2025-02-03 11:28:00,167.1,90.65,34.94999999999999,2621.249999999999,2025-02-03_reentry_0
2025-02-03 11:29:00,168.3,89.75,34.64999999999998,2598.749999999998,2025-02-03_reentry_0
2025-02-03 11:30:00,167.65,90.5,34.55000000000001,2591.250000000001,2025-02-03_reentry_0
2025-02-03 11:31:00,167.65,88.9,36.14999999999998,2711.249999999998,2025-02-03_reentry_0
2025-02-03 11:32:00,168.05,87.75,36.89999999999998,2767.499999999998,2025-02-03_reentry_0
2025-02-03 11:33:00,168.0,88.6,36.099999999999966,2707.4999999999973,2025-02-03_reentry_0
2025-02-03 11:34:00,162.35,93.0,37.349999999999994,2801.2499999999995,2025-02-03_reentry_0
2025-02-03 11:35:00,163.0,92.8,36.89999999999998,2767.499999999998,2025-02-03_reentry_0
2025-02-03 11:36:00,165.75,90.95,36.0,2700.0,2025-02-03_reentry_0
2025-02-03 11:37:00,159.6,94.95,38.14999999999998,2861.249999999998,2025-02-03_reentry_0
2025-02-03 11:38:00,153.35,98.55,40.80000000000001,3060.000000000001,2025-02-03_reentry_0
2025-02-03 11:39:00,146.65,101.35,44.69999999999999,3352.499999999999,2025-02-03_reentry_0
2025-02-03 11:40:00,144.3,105.0,43.39999999999998,3254.999999999998,2025-02-03_reentry_0
2025-02-03 11:41:00,141.15,107.55,44.0,3300.0,2025-02-03_reentry_0
2025-02-03 11:42:00,144.0,104.7,44.0,3300.0,2025-02-03_reentry_0
2025-02-03 11:43:00,146.15,102.05,44.5,3337.5,2025-02-03_reentry_0
2025-02-03 11:44:00,147.0,101.55,44.14999999999998,3311.249999999998,2025-02-03_reentry_0
2025-02-03 11:45:00,148.65,100.0,44.04999999999998,3303.7499999999986,2025-02-03_reentry_0
2025-02-03 11:46:00,149.35,99.95,43.39999999999998,3254.999999999998,2025-02-03_reentry_0
2025-02-03 11:47:00,149.7,98.25,44.75,3356.25,2025-02-03_reentry_0
2025-02-03 11:48:00,150.3,97.95,44.44999999999999,3333.749999999999,2025-02-03_reentry_0
2025-02-03 11:49:00,150.5,98.7,43.5,3262.5,2025-02-03_reentry_0
2025-02-03 11:50:00,149.25,99.75,43.69999999999999,3277.499999999999,2025-02-03_reentry_0
2025-02-03 11:51:00,151.95,97.35,43.400000000000006,3255.0000000000005,2025-02-03_reentry_0
2025-02-03 11:52:00,149.95,98.85,43.900000000000006,3292.5000000000005,2025-02-03_reentry_0
2025-02-03 11:53:00,150.15,98.45,44.099999999999966,3307.4999999999973,2025-02-03_reentry_0
2025-02-03 11:54:00,150.8,98.0,43.89999999999998,3292.499999999998,2025-02-03_reentry_0
2025-02-03 11:55:00,152.55,96.3,43.849999999999966,3288.7499999999973,2025-02-03_reentry_0
2025-02-03 11:56:00,152.6,95.6,44.5,3337.5,2025-02-03_reentry_0
2025-02-03 11:57:00,150.8,96.7,45.19999999999999,3389.999999999999,2025-02-03_reentry_0
2025-02-03 11:58:00,154.75,92.6,45.349999999999994,3401.2499999999995,2025-02-03_reentry_0
2025-02-03 11:59:00,153.4,93.45,45.849999999999966,3438.7499999999973,2025-02-03_reentry_0
2025-02-03 12:00:00,153.35,92.65,46.69999999999999,3502.499999999999,2025-02-03_reentry_0
2025-02-03 12:01:00,159.1,87.55,46.05000000000001,3453.750000000001,2025-02-03_reentry_0
2025-02-03 12:02:00,160.55,87.05,45.099999999999966,3382.4999999999973,2025-02-03_reentry_0
2025-02-03 12:03:00,162.15,85.7,44.849999999999966,3363.7499999999973,2025-02-03_reentry_0
2025-02-03 12:04:00,162.65,85.5,44.54999999999998,3341.2499999999986,2025-02-03_reentry_0
2025-02-03 12:05:00,162.8,85.7,44.19999999999999,3314.999999999999,2025-02-03_reentry_0
2025-02-03 12:06:00,164.95,84.6,43.150000000000006,3236.2500000000005,2025-02-03_reentry_0
2025-02-03 12:07:00,161.75,86.5,44.44999999999999,3333.749999999999,2025-02-03_reentry_0
2025-02-03 12:08:00,161.8,86.2,44.69999999999999,3352.499999999999,2025-02-03_reentry_0
2025-02-03 12:09:00,161.2,87.0,44.5,3337.5,2025-02-03_reentry_0
2025-02-03 12:10:00,162.85,86.5,43.349999999999994,3251.2499999999995,2025-02-03_reentry_0
2025-02-03 12:11:00,163.5,85.6,43.599999999999994,3269.9999999999995,2025-02-03_reentry_0
2025-02-03 12:12:00,160.25,88.0,44.44999999999999,3333.749999999999,2025-02-03_reentry_0
2025-02-03 12:13:00,166.0,82.5,44.19999999999999,3314.999999999999,2025-02-03_reentry_0
2025-02-03 12:14:00,164.85,83.2,44.64999999999998,3348.749999999998,2025-02-03_reentry_0
2025-02-03 12:15:00,164.3,84.1,44.29999999999998,3322.4999999999986,2025-02-03_reentry_0
2025-02-03 12:16:00,164.7,84.05,43.94999999999999,3296.249999999999,2025-02-03_reentry_0
2025-02-03 12:17:00,165.95,83.6,43.150000000000006,3236.2500000000005,2025-02-03_reentry_0
2025-02-03 12:18:00,160.05,86.7,45.94999999999999,3446.249999999999,2025-02-03_reentry_0
2025-02-03 12:19:00,157.2,88.95,46.55000000000001,3491.250000000001,2025-02-03_reentry_0
2025-02-03 12:20:00,160.85,87.45,44.39999999999998,3329.999999999998,2025-02-03_reentry_0
2025-02-03 12:21:00,159.95,88.8,43.94999999999999,3296.249999999999,2025-02-03_reentry_0
2025-02-03 12:22:00,160.85,88.1,43.75,3281.25,2025-02-03_reentry_0
2025-02-03 12:23:00,160.45,89.15,43.099999999999994,3232.4999999999995,2025-02-03_reentry_0
2025-02-03 12:24:00,161.9,89.0,41.79999999999998,3134.9999999999986,2025-02-03_reentry_0
2025-02-03 12:25:00,163.75,86.9,42.04999999999998,3153.7499999999986,2025-02-03_reentry_0
2025-02-03 12:26:00,166.2,85.8,40.69999999999999,3052.499999999999,2025-02-03_reentry_0
2025-02-03 12:27:00,167.65,83.6,41.44999999999999,3108.749999999999,2025-02-03_reentry_0
2025-02-03 12:28:00,166.0,85.55,41.14999999999998,3086.249999999998,2025-02-03_reentry_0
2025-02-03 12:29:00,164.55,86.85,41.29999999999998,3097.4999999999986,2025-02-03_reentry_0
2025-02-03 12:30:00,163.6,87.0,42.099999999999994,3157.4999999999995,2025-02-03_reentry_0
2025-02-03 12:31:00,165.25,86.5,40.94999999999999,3071.249999999999,2025-02-03_reentry_0
2025-02-03 12:32:00,167.1,85.35,40.25,3018.75,2025-02-03_reentry_0
2025-02-03 12:33:00,165.45,86.1,41.150000000000006,3086.2500000000005,2025-02-03_reentry_0
2025-02-03 12:34:00,166.7,85.5,40.5,3037.5,2025-02-03_reentry_0
2025-02-03 12:35:00,166.95,85.45,40.30000000000001,3022.500000000001,2025-02-03_reentry_0
2025-02-03 12:36:00,161.2,88.65,42.849999999999994,3213.7499999999995,2025-02-03_reentry_0
2025-02-03 12:37:00,161.7,89.2,41.80000000000001,3135.000000000001,2025-02-03_reentry_0
2025-02-03 12:38:00,159.7,91.45,41.55000000000001,3116.250000000001,2025-02-03_reentry_0
2025-02-03 12:39:00,158.8,91.7,42.19999999999999,3164.999999999999,2025-02-03_reentry_0
2025-02-03 12:40:00,160.95,91.1,40.650000000000006,3048.7500000000005,2025-02-03_reentry_0
2025-02-03 12:41:00,159.25,91.8,41.64999999999998,3123.749999999998,2025-02-03_reentry_0
2025-02-03 12:42:00,159.95,91.15,41.599999999999994,3119.9999999999995,2025-02-03_reentry_0
2025-02-03 12:43:00,159.55,91.25,41.89999999999998,3142.499999999998,2025-02-03_reentry_0
2025-02-03 12:44:00,161.15,90.0,41.54999999999998,3116.2499999999986,2025-02-03_reentry_0
2025-02-03 12:45:00,162.0,88.25,42.44999999999999,3183.749999999999,2025-02-03_reentry_0
2025-02-03 12:46:00,158.75,90.9,43.04999999999998,3228.7499999999986,2025-02-03_reentry_0
2025-02-03 12:47:00,157.5,92.0,43.19999999999999,3239.999999999999,2025-02-03_reentry_0
2025-02-03 12:48:00,158.05,92.05,42.599999999999966,3194.9999999999973,2025-02-03_reentry_0
2025-02-03 12:49:00,158.2,92.1,42.400000000000006,3180.0000000000005,2025-02-03_reentry_0
2025-02-03 12:50:00,157.4,92.0,43.29999999999998,3247.4999999999986,2025-02-03_reentry_0
2025-02-03 12:51:00,156.05,93.2,43.44999999999999,3258.749999999999,2025-02-03_reentry_0
2025-02-03 12:52:00,152.95,95.25,44.5,3337.5,2025-02-03_reentry_0
2025-02-03 12:53:00,153.0,94.7,45.0,3375.0,2025-02-03_reentry_0
2025-02-03 12:54:00,154.25,93.95,44.5,3337.5,2025-02-03_reentry_0
2025-02-03 12:55:00,156.65,91.65,44.39999999999998,3329.999999999998,2025-02-03_reentry_0
2025-02-03 12:56:00,159.85,87.75,45.099999999999994,3382.4999999999995,2025-02-03_reentry_0
2025-02-03 12:57:00,161.6,86.75,44.349999999999994,3326.2499999999995,2025-02-03_reentry_0
2025-02-03 12:58:00,161.75,86.7,44.25,3318.75,2025-02-03_reentry_0
2025-02-03 12:59:00,165.5,83.7,43.5,3262.5,2025-02-03_reentry_0
2025-02-03 13:00:00,168.35,82.55,41.80000000000001,3135.000000000001,2025-02-03_reentry_0
2025-02-03 13:01:00,168.05,83.0,41.64999999999998,3123.749999999998,2025-02-03_reentry_0
2025-02-03 13:02:00,170.15,81.4,41.14999999999998,3086.249999999998,2025-02-03_reentry_0
2025-02-03 13:03:00,196.95,68.55,27.19999999999999,2039.999999999999,2025-02-03_reentry_0
2025-02-03 13:04:00,192.15,72.3,28.25,2118.75,2025-02-03_reentry_0
2025-02-03 13:05:00,188.5,74.35,29.849999999999966,2238.7499999999973,2025-02-03_reentry_0
2025-02-03 13:06:00,186.6,76.0,30.099999999999966,2257.4999999999973,2025-02-03_reentry_0
2025-02-03 13:07:00,195.4,72.3,25.0,1875.0,2025-02-03_reentry_0
2025-02-03 13:08:00,200.55,72.35,19.80000000000001,1485.000000000001,2025-02-03_reentry_0
2025-02-03 13:09:00,211.55,67.0,14.149999999999977,1061.2499999999982,2025-02-03_reentry_0
2025-02-03 13:14:00,139.15,98.5,0.0,0.0,2025-02-03_reentry_1
2025-02-03 13:15:00,136.85,100.5,0.30000000000001137,22.500000000000853,2025-02-03_reentry_1
2025-02-03 13:16:00,140.6,98.05,-0.9999999999999716,-74.99999999999787,2025-02-03_reentry_1
2025-02-03 13:17:00,138.9,97.75,1.0,75.0,2025-02-03_reentry_1
2025-02-03 13:18:00,134.8,100.7,2.1500000000000057,161.25000000000043,2025-02-03_reentry_1
2025-02-03 13:19:00,129.2,104.15,4.300000000000011,322.50000000000085,2025-02-03_reentry_1
2025-02-03 13:20:00,130.5,103.5,3.6500000000000057,273.75000000000045,2025-02-03_reentry_1
2025-02-03 13:21:00,129.5,103.4,4.75,356.25,2025-02-03_reentry_1
2025-02-03 13:22:00,126.5,105.95,5.200000000000017,390.00000000000125,2025-02-03_reentry_1
2025-02-03 13:23:00,124.45,106.55,6.650000000000006,498.75000000000045,2025-02-03_reentry_1
2025-02-03 13:24:00,122.0,108.5,7.150000000000006,536.2500000000005,2025-02-03_reentry_1
2025-02-03 13:25:00,119.45,109.15,9.049999999999983,678.7499999999987,2025-02-03_reentry_1
2025-02-03 13:26:00,120.85,109.15,7.650000000000006,573.7500000000005,2025-02-03_reentry_1
2025-02-03 13:27:00,121.7,108.75,7.200000000000017,540.0000000000013,2025-02-03_reentry_1
2025-02-03 13:28:00,113.85,114.55,9.250000000000028,693.7500000000022,2025-02-03_reentry_1
2025-02-03 13:29:00,114.8,112.7,10.150000000000006,761.2500000000005,2025-02-03_reentry_1
2025-02-03 13:30:00,116.4,111.45,9.799999999999983,734.9999999999987,2025-02-03_reentry_1
2025-02-03 13:31:00,113.7,114.55,9.400000000000006,705.0000000000005,2025-02-03_reentry_1
2025-02-03 13:32:00,115.9,113.2,8.549999999999983,641.2499999999987,2025-02-03_reentry_1
2025-02-03 13:33:00,116.75,114.2,6.700000000000017,502.50000000000125,2025-02-03_reentry_1
2025-02-03 13:34:00,117.5,113.75,6.400000000000006,480.00000000000045,2025-02-03_reentry_1
2025-02-03 13:35:00,118.6,113.0,6.050000000000011,453.75000000000085,2025-02-03_reentry_1
2025-02-03 13:36:00,121.85,111.15,4.650000000000006,348.75000000000045,2025-02-03_reentry_1
2025-02-03 13:37:00,122.1,110.65,4.900000000000006,367.50000000000045,2025-02-03_reentry_1
2025-02-03 13:38:00,122.95,110.0,4.700000000000017,352.50000000000125,2025-02-03_reentry_1
2025-02-03 13:39:00,123.75,109.1,4.800000000000011,360.00000000000085,2025-02-03_reentry_1
2025-02-03 13:40:00,126.15,106.8,4.700000000000017,352.50000000000125,2025-02-03_reentry_1
2025-02-03 13:41:00,126.85,106.25,4.550000000000011,341.25000000000085,2025-02-03_reentry_1
2025-02-03 13:42:00,125.65,107.0,5.0,375.0,2025-02-03_reentry_1
2025-02-03 13:43:00,126.4,106.9,4.349999999999994,326.24999999999955,2025-02-03_reentry_1
2025-02-03 13:44:00,132.45,104.95,0.2500000000000284,18.75000000000213,2025-02-03_reentry_1
2025-02-03 13:45:00,131.7,105.0,0.950000000000017,71.25000000000128,2025-02-03_reentry_1
2025-02-03 13:46:00,128.3,106.8,2.549999999999983,191.24999999999872,2025-02-03_reentry_1
2025-02-03 13:47:00,132.9,103.8,0.950000000000017,71.25000000000128,2025-02-03_reentry_1
2025-02-03 13:48:00,133.0,104.1,0.5500000000000114,41.25000000000085,2025-02-03_reentry_1
2025-02-03 13:49:00,125.25,109.65,2.75,206.25,2025-02-03_reentry_1
2025-02-03 13:50:00,120.4,113.25,4.0,300.0,2025-02-03_reentry_1
2025-02-03 13:51:00,106.1,125.3,6.250000000000028,468.75000000000216,2025-02-03_reentry_1
2025-02-03 13:56:00,140.2,100.85,0.0,0.0,2025-02-03_reentry_2
2025-02-03 13:57:00,138.95,101.6,0.5,37.5,2025-02-03_reentry_2
2025-02-03 13:58:00,141.1,99.0,0.9499999999999886,71.24999999999915,2025-02-03_reentry_2
2025-02-03 13:59:00,142.0,98.5,0.549999999999983,41.24999999999872,2025-02-03_reentry_2
2025-02-03 14:00:00,146.45,93.9,0.6999999999999886,52.49999999999915,2025-02-03_reentry_2
2025-02-03 14:01:00,141.05,95.8,4.19999999999996,314.99999999999704,2025-02-03_reentry_2
2025-02-03 14:02:00,146.9,92.55,1.5999999999999943,119.99999999999957,2025-02-03_reentry_2
2025-02-03 14:03:00,143.8,94.95,2.299999999999983,172.49999999999872,2025-02-03_reentry_2
2025-02-03 14:04:00,145.0,94.35,1.6999999999999886,127.49999999999915,2025-02-03_reentry_2
2025-02-03 14:05:00,147.25,93.2,0.5999999999999943,44.999999999999574,2025-02-03_reentry_2
2025-02-03 14:06:00,151.25,90.9,-1.1000000000000227,-82.5000000000017,2025-02-03_reentry_2
2025-02-03 14:07:00,151.55,91.2,-1.700000000000017,-127.50000000000128,2025-02-03_reentry_2
2025-02-03 14:08:00,152.4,89.4,-0.7500000000000284,-56.25000000000213,2025-02-03_reentry_2
2025-02-03 14:09:00,150.7,90.95,-0.5999999999999943,-44.999999999999574,2025-02-03_reentry_2
2025-02-03 14:10:00,151.05,91.4,-1.400000000000034,-105.00000000000256,2025-02-03_reentry_2
2025-02-03 14:11:00,156.2,88.45,-3.5999999999999943,-269.99999999999955,2025-02-03_reentry_2
2025-02-03 14:12:00,159.15,87.0,-5.100000000000023,-382.5000000000017,2025-02-03_reentry_2
2025-02-03 14:13:00,152.5,90.65,-2.1000000000000227,-157.5000000000017,2025-02-03_reentry_2
2025-02-03 14:14:00,154.05,90.85,-3.8500000000000227,-288.7500000000017,2025-02-03_reentry_2
2025-02-03 14:15:00,157.5,90.2,-6.650000000000006,-498.75000000000045,2025-02-03_reentry_2
2025-02-03 14:16:00,158.2,89.65,-6.800000000000011,-510.00000000000085,2025-02-03_reentry_2
2025-02-03 14:17:00,160.35,88.6,-7.900000000000006,-592.5000000000005,2025-02-03_reentry_2
2025-02-03 14:18:00,158.65,89.95,-7.55000000000004,-566.250000000003,2025-02-03_reentry_2
2025-02-03 14:19:00,159.0,90.1,-8.050000000000011,-603.7500000000009,2025-02-03_reentry_2
2025-02-03 14:20:00,154.45,92.1,-5.5,-412.5,2025-02-03_reentry_2
2025-02-03 14:21:00,153.35,93.15,-5.450000000000017,-408.75000000000125,2025-02-03_reentry_2
2025-02-03 14:22:00,160.9,89.2,-9.05000000000004,-678.750000000003,2025-02-03_reentry_2
2025-02-03 14:23:00,159.5,89.0,-7.450000000000017,-558.7500000000013,2025-02-03_reentry_2
2025-02-03 14:24:00,159.9,88.6,-7.450000000000017,-558.7500000000013,2025-02-03_reentry_2
2025-02-03 14:25:00,163.0,87.9,-9.850000000000023,-738.7500000000017,2025-02-03_reentry_2
2025-02-03 14:26:00,161.6,87.1,-7.650000000000006,-573.7500000000005,2025-02-03_reentry_2
2025-02-03 14:27:00,163.25,86.7,-8.900000000000006,-667.5000000000005,2025-02-03_reentry_2
2025-02-03 14:28:00,166.9,85.55,-11.400000000000006,-855.0000000000005,2025-02-03_reentry_2
2025-02-03 14:29:00,166.35,85.25,-10.550000000000011,-791.2500000000009,2025-02-03_reentry_2
2025-02-03 14:30:00,157.8,89.35,-6.100000000000023,-457.5000000000017,2025-02-03_reentry_2
2025-02-03 14:31:00,153.3,91.6,-3.8500000000000227,-288.7500000000017,2025-02-03_reentry_2
2025-02-03 14:32:00,154.05,90.85,-3.8500000000000227,-288.7500000000017,2025-02-03_reentry_2
2025-02-03 14:33:00,156.9,88.1,-3.950000000000017,-296.25000000000125,2025-02-03_reentry_2
2025-02-03 14:34:00,156.65,87.95,-3.55000000000004,-266.25000000000296,2025-02-03_reentry_2
2025-02-03 14:35:00,158.0,87.7,-4.650000000000006,-348.75000000000045,2025-02-03_reentry_2
2025-02-03 14:36:00,159.8,86.85,-5.600000000000023,-420.0000000000017,2025-02-03_reentry_2
2025-02-03 14:37:00,156.85,88.55,-4.349999999999994,-326.24999999999955,2025-02-03_reentry_2
2025-02-03 14:38:00,160.65,86.25,-5.850000000000023,-438.7500000000017,2025-02-03_reentry_2
2025-02-03 14:39:00,157.15,88.6,-4.700000000000017,-352.50000000000125,2025-02-03_reentry_2
2025-02-03 14:40:00,156.6,88.85,-4.400000000000006,-330.00000000000045,2025-02-03_reentry_2
2025-02-03 14:41:00,156.0,89.7,-4.650000000000006,-348.75000000000045,2025-02-03_reentry_2
2025-02-03 14:42:00,155.5,89.45,-3.9000000000000057,-292.50000000000045,2025-02-03_reentry_2
2025-02-03 14:43:00,157.2,88.25,-4.400000000000006,-330.00000000000045,2025-02-03_reentry_2
2025-02-03 14:44:00,158.7,87.75,-5.400000000000006,-405.00000000000045,2025-02-03_reentry_2
2025-02-03 14:45:00,157.25,88.7,-4.900000000000006,-367.50000000000045,2025-02-03_reentry_2
2025-02-03 14:46:00,155.0,89.75,-3.700000000000017,-277.50000000000125,2025-02-03_reentry_2
2025-02-03 14:47:00,152.5,90.6,-2.0500000000000114,-153.75000000000085,2025-02-03_reentry_2
2025-02-03 14:48:00,151.85,91.4,-2.200000000000017,-165.00000000000128,2025-02-03_reentry_2
2025-02-03 14:49:00,149.0,92.5,-0.45000000000001705,-33.75000000000128,2025-02-03_reentry_2
2025-02-03 14:50:00,147.95,94.0,-0.9000000000000057,-67.50000000000043,2025-02-03_reentry_2
2025-02-03 14:51:00,148.6,92.85,-0.4000000000000057,-30.000000000000426,2025-02-03_reentry_2
2025-02-03 14:52:00,150.65,91.25,-0.8500000000000227,-63.750000000001705,2025-02-03_reentry_2
2025-02-03 14:53:00,151.55,89.65,-0.1500000000000341,-11.250000000002558,2025-02-03_reentry_2
2025-02-03 14:54:00,153.45,88.0,-0.4000000000000057,-30.000000000000426,2025-02-03_reentry_2
2025-02-03 14:55:00,153.5,88.15,-0.6000000000000227,-45.000000000001705,2025-02-03_reentry_2
2025-02-03 14:56:00,156.2,86.05,-1.200000000000017,-90.00000000000128,2025-02-03_reentry_2
2025-02-03 14:57:00,158.3,85.15,-2.400000000000034,-180.00000000000256,2025-02-03_reentry_2
2025-02-03 14:58:00,158.95,84.0,-1.9000000000000057,-142.50000000000043,2025-02-03_reentry_2
2025-02-03 14:59:00,161.5,82.65,-3.1000000000000227,-232.5000000000017,2025-02-03_reentry_2
2025-02-03 15:00:00,162.35,81.6,-2.9000000000000057,-217.50000000000043,2025-02-03_reentry_2
2025-02-03 15:01:00,160.1,82.1,-1.1500000000000057,-86.25000000000043,2025-02-03_reentry_2
2025-02-03 15:02:00,164.45,79.5,-2.9000000000000057,-217.50000000000043,2025-02-03_reentry_2
2025-02-03 15:03:00,161.65,81.0,-1.6000000000000227,-120.0000000000017,2025-02-03_reentry_2
2025-02-03 15:04:00,162.75,80.45,-2.1500000000000057,-161.25000000000043,2025-02-03_reentry_2
2025-02-03 15:05:00,166.75,79.1,-4.800000000000011,-360.00000000000085,2025-02-03_reentry_2
2025-02-03 15:06:00,168.25,77.45,-4.650000000000006,-348.75000000000045,2025-02-03_reentry_2
2025-02-03 15:11:00,136.0,95.0,0.0,0.0,2025-02-03_reentry_3
2025-02-03 15:12:00,138.05,95.9,-2.950000000000017,-221.25000000000128,2025-02-03_reentry_3
2025-02-03 15:13:00,139.95,94.5,-3.4499999999999886,-258.74999999999915,2025-02-03_reentry_3
2025-02-03 15:14:00,137.45,95.45,-1.8999999999999773,-142.4999999999983,2025-02-03_reentry_3
2025-02-03 15:15:00,132.55,99.65,-1.200000000000017,-90.00000000000128,2025-02-03_reentry_3
2025-02-03 15:16:00,133.15,98.85,-1.0,-75.0,2025-02-03_reentry_3
2025-02-03 15:17:00,132.1,99.15,-0.25,-18.75,2025-02-03_reentry_3
2025-02-03 15:18:00,133.5,99.35,-1.8499999999999943,-138.74999999999957,2025-02-03_reentry_3
2025-02-03 15:19:00,134.8,99.15,-2.950000000000017,-221.25000000000128,2025-02-03_reentry_3
2025-02-03 15:20:00,133.3,99.2,-1.5,-112.5,2025-02-03_reentry_3
2025-02-04 09:20:00,106.85,93.15,0.0,0.0,2025-02-04_reentry_0
2025-02-04 09:21:00,106.3,95.0,-1.3000000000000114,-97.50000000000085,2025-02-04_reentry_0
2025-02-04 09:22:00,121.8,91.45,-13.25,-993.75,2025-02-04_reentry_0
2025-02-04 09:23:00,118.45,92.95,-11.400000000000006,-855.0000000000005,2025-02-04_reentry_0
2025-02-04 09:24:00,119.0,96.3,-15.300000000000011,-1147.500000000001,2025-02-04_reentry_0
2025-02-04 09:25:00,124.6,94.8,-19.399999999999977,-1454.9999999999982,2025-02-04_reentry_0
2025-02-04 09:26:00,122.2,99.1,-21.30000000000001,-1597.500000000001,2025-02-04_reentry_0
2025-02-04 09:27:00,123.5,99.45,-22.94999999999999,-1721.249999999999,2025-02-04_reentry_0
2025-02-04 09:28:00,121.65,103.3,-24.94999999999999,-1871.249999999999,2025-02-04_reentry_0
2025-02-04 09:29:00,120.85,102.9,-23.75,-1781.25,2025-02-04_reentry_0
2025-02-04 09:30:00,120.4,107.85,-28.25,-2118.75,2025-02-04_reentry_0
2025-02-04 09:31:00,120.85,116.85,-37.69999999999999,-2827.499999999999,2025-02-04_reentry_0
2025-02-04 09:36:00,135.25,111.55,0.0,0.0,2025-02-04_reentry_1
2025-02-04 09:37:00,155.1,106.35,-14.649999999999977,-1098.7499999999982,2025-02-04_reentry_1
2025-02-04 09:38:00,160.05,104.0,-17.25,-1293.75,2025-02-04_reentry_1
2025-02-04 09:39:00,164.3,107.05,-24.55000000000001,-1841.250000000001,2025-02-04_reentry_1
2025-02-04 09:44:00,146.55,126.65,0.0,0.0,2025-02-04_reentry_2
2025-02-04 09:45:00,140.8,129.15,3.25,243.75,2025-02-04_reentry_2
2025-02-04 09:46:00,140.3,128.3,4.600000000000023,345.0000000000017,2025-02-04_reentry_2
2025-02-04 09:47:00,141.8,125.9,5.5,412.5,2025-02-04_reentry_2
2025-02-04 09:48:00,142.2,123.75,7.250000000000057,543.7500000000043,2025-02-04_reentry_2
2025-02-04 09:49:00,142.4,125.7,5.100000000000023,382.5000000000017,2025-02-04_reentry_2
2025-02-04 09:50:00,143.85,125.6,3.750000000000057,281.25000000000426,2025-02-04_reentry_2
2025-02-04 09:51:00,142.95,125.9,4.350000000000023,326.2500000000017,2025-02-04_reentry_2
2025-02-04 09:52:00,141.15,127.5,4.550000000000068,341.2500000000051,2025-02-04_reentry_2
2025-02-04 09:53:00,141.85,126.75,4.600000000000023,345.0000000000017,2025-02-04_reentry_2
2025-02-04 09:54:00,141.9,126.35,4.9500000000000455,371.2500000000034,2025-02-04_reentry_2
2025-02-04 09:55:00,139.55,128.75,4.900000000000034,367.50000000000256,2025-02-04_reentry_2
2025-02-04 09:56:00,141.05,129.05,3.1000000000000227,232.5000000000017,2025-02-04_reentry_2
2025-02-04 09:57:00,140.25,128.5,4.4500000000000455,333.7500000000034,2025-02-04_reentry_2
2025-02-04 09:58:00,142.5,127.25,3.4500000000000455,258.7500000000034,2025-02-04_reentry_2
2025-02-04 09:59:00,141.95,127.15,4.100000000000023,307.5000000000017,2025-02-04_reentry_2
2025-02-04 10:00:00,141.8,124.05,7.350000000000023,551.2500000000017,2025-02-04_reentry_2
2025-02-04 10:01:00,140.3,124.55,8.350000000000023,626.2500000000017,2025-02-04_reentry_2
2025-02-04 10:02:00,134.15,130.35,8.700000000000045,652.5000000000034,2025-02-04_reentry_2
2025-02-04 10:03:00,131.05,132.4,9.75,731.25,2025-02-04_reentry_2
2025-02-04 10:04:00,134.5,130.4,8.300000000000068,622.5000000000051,2025-02-04_reentry_2
2025-02-04 10:05:00,135.85,131.25,6.100000000000023,457.5000000000017,2025-02-04_reentry_2
2025-02-04 10:06:00,131.5,135.05,6.650000000000034,498.75000000000256,2025-02-04_reentry_2
2025-02-04 10:07:00,133.8,134.0,5.400000000000034,405.00000000000256,2025-02-04_reentry_2
2025-02-04 10:08:00,131.0,135.85,6.350000000000023,476.2500000000017,2025-02-04_reentry_2
2025-02-04 10:09:00,132.05,134.8,6.350000000000023,476.2500000000017,2025-02-04_reentry_2
2025-02-04 10:10:00,137.7,130.0,5.500000000000057,412.50000000000426,2025-02-04_reentry_2
2025-02-04 10:11:00,139.95,132.05,1.2000000000000455,90.00000000000341,2025-02-04_reentry_2
2025-02-04 10:12:00,138.45,134.6,0.15000000000009095,11.250000000006821,2025-02-04_reentry_2
2025-02-04 10:13:00,133.35,140.15,-0.2999999999999545,-22.49999999999659,2025-02-04_reentry_2
2025-02-04 10:14:00,125.7,152.4,-4.899999999999977,-367.4999999999983,2025-02-04_reentry_2
2025-02-04 10:19:00,158.75,122.1,0.0,0.0,2025-02-04_reentry_3
2025-02-04 10:20:00,160.0,121.9,-1.0499999999999545,-78.74999999999659,2025-02-04_reentry_3
2025-02-04 10:21:00,162.0,120.05,-1.1999999999999886,-89.99999999999915,2025-02-04_reentry_3
2025-02-04 10:22:00,160.55,121.3,-1.0,-75.0,2025-02-04_reentry_3
2025-02-04 10:23:00,157.25,126.0,-2.3999999999999773,-179.9999999999983,2025-02-04_reentry_3
2025-02-04 10:24:00,156.1,127.2,-2.4499999999999886,-183.74999999999915,2025-02-04_reentry_3
2025-02-04 10:25:00,154.85,129.15,-3.1499999999999773,-236.2499999999983,2025-02-04_reentry_3
2025-02-04 10:26:00,153.45,131.1,-3.699999999999932,-277.4999999999949,2025-02-04_reentry_3
2025-02-04 10:27:00,154.8,129.7,-3.6499999999999773,-273.7499999999983,2025-02-04_reentry_3
2025-02-04 10:28:00,154.8,132.7,-6.649999999999977,-498.7499999999983,2025-02-04_reentry_3
2025-02-04 10:29:00,149.85,140.1,-9.099999999999966,-682.4999999999975,2025-02-04_reentry_3
2025-02-04 10:30:00,153.0,140.35,-12.5,-937.5,2025-02-04_reentry_3
2025-02-04 10:31:00,151.95,142.15,-13.25,-993.75,2025-02-04_reentry_3
2025-02-04 10:32:00,151.0,145.45,-15.599999999999966,-1169.9999999999975,2025-02-04_reentry_3
2025-02-04 10:33:00,150.6,147.05,-16.799999999999955,-1259.9999999999966,2025-02-04_reentry_3
2025-02-04 10:38:00,137.85,177.35,0.0,0.0,2025-02-04_reentry_4
2025-02-04 10:39:00,131.05,186.4,-2.250000000000057,-168.75000000000426,2025-02-04_reentry_4
2025-02-04 10:40:00,137.3,175.95,1.9499999999999886,146.24999999999915,2025-02-04_reentry_4
2025-02-04 10:41:00,136.4,179.4,-0.6000000000000227,-45.000000000001705,2025-02-04_reentry_4
2025-02-04 10:42:00,131.75,188.75,-5.300000000000011,-397.50000000000085,2025-02-04_reentry_4
2025-02-04 10:43:00,136.15,177.65,1.3999999999999773,104.9999999999983,2025-02-04_reentry_4
2025-02-04 10:44:00,136.6,172.7,5.900000000000034,442.50000000000256,2025-02-04_reentry_4
2025-02-04 10:45:00,135.95,169.6,9.650000000000034,723.7500000000025,2025-02-04_reentry_4
2025-02-04 10:46:00,138.25,160.75,16.19999999999999,1214.999999999999,2025-02-04_reentry_4
2025-02-04 10:47:00,137.0,162.0,16.19999999999999,1214.999999999999,2025-02-04_reentry_4
2025-02-04 10:48:00,135.95,162.0,17.25,1293.75,2025-02-04_reentry_4
2025-02-04 10:49:00,133.1,166.4,15.699999999999989,1177.499999999999,2025-02-04_reentry_4
2025-02-04 10:50:00,134.35,162.0,18.849999999999966,1413.7499999999975,2025-02-04_reentry_4
2025-02-04 10:51:00,125.75,171.15,18.30000000000001,1372.500000000001,2025-02-04_reentry_4
2025-02-04 10:52:00,127.4,176.5,11.300000000000011,847.5000000000009,2025-02-04_reentry_4
2025-02-04 10:53:00,125.95,181.5,7.75,581.25,2025-02-04_reentry_4
2025-02-04 10:54:00,128.0,180.0,7.199999999999989,539.9999999999991,2025-02-04_reentry_4
2025-02-04 10:55:00,129.65,174.05,11.499999999999943,862.4999999999957,2025-02-04_reentry_4
2025-02-04 10:56:00,133.15,166.55,15.499999999999943,1162.4999999999957,2025-02-04_reentry_4
2025-02-04 10:57:00,134.55,165.7,14.949999999999989,1121.249999999999,2025-02-04_reentry_4
2025-02-04 10:58:00,128.75,165.1,21.349999999999966,1601.2499999999975,2025-02-04_reentry_4
2025-02-04 10:59:00,130.4,158.5,26.30000000000001,1972.500000000001,2025-02-04_reentry_4
2025-02-04 11:00:00,130.95,152.3,31.94999999999999,2396.249999999999,2025-02-04_reentry_4
2025-02-04 11:01:00,135.45,152.2,27.55000000000001,2066.250000000001,2025-02-04_reentry_4
2025-02-04 11:02:00,134.9,149.4,30.899999999999977,2317.499999999998,2025-02-04_reentry_4
2025-02-04 11:03:00,132.0,147.65,35.55000000000001,2666.250000000001,2025-02-04_reentry_4
2025-02-04 11:04:00,133.7,144.7,36.80000000000001,2760.000000000001,2025-02-04_reentry_4
2025-02-04 11:05:00,138.9,135.9,40.39999999999998,3029.999999999998,2025-02-04_reentry_4
2025-02-04 11:06:00,137.25,135.8,42.14999999999998,3161.249999999998,2025-02-04_reentry_4
2025-02-04 11:07:00,136.15,138.15,40.89999999999998,3067.499999999998,2025-02-04_reentry_4
2025-02-04 11:08:00,137.65,136.55,40.99999999999994,3074.999999999996,2025-02-04_reentry_4
2025-02-04 11:09:00,138.85,136.45,39.900000000000034,2992.5000000000027,2025-02-04_reentry_4
2025-02-04 11:10:00,139.2,136.5,39.5,2962.5,2025-02-04_reentry_4
2025-02-04 11:11:00,137.9,137.9,39.39999999999998,2954.999999999998,2025-02-04_reentry_4
2025-02-04 11:12:00,135.45,140.25,39.5,2962.5,2025-02-04_reentry_4
2025-02-04 11:13:00,139.1,136.25,39.849999999999966,2988.7499999999973,2025-02-04_reentry_4
2025-02-04 11:14:00,142.85,129.5,42.849999999999966,3213.7499999999973,2025-02-04_reentry_4
2025-02-04 11:15:00,141.6,128.95,44.650000000000034,3348.7500000000027,2025-02-04_reentry_4
2025-02-04 11:16:00,140.95,128.15,46.099999999999966,3457.4999999999973,2025-02-04_reentry_4
2025-02-04 11:17:00,144.75,121.5,48.94999999999999,3671.249999999999,2025-02-04_reentry_4
2025-02-04 11:18:00,145.35,121.15,48.69999999999999,3652.499999999999,2025-02-04_reentry_4
2025-02-04 11:19:00,143.65,120.2,51.349999999999966,3851.2499999999973,2025-02-04_reentry_4
2025-02-04 11:20:00,144.65,116.4,54.14999999999998,4061.249999999998,2025-02-04_reentry_4
2025-02-04 11:21:00,149.3,107.8,58.099999999999966,4357.499999999997,2025-02-04_reentry_4
2025-02-04 11:22:00,150.85,108.3,56.05000000000001,4203.750000000001,2025-02-04_reentry_4
2025-02-04 11:23:00,152.0,109.85,53.349999999999966,4001.2499999999973,2025-02-04_reentry_4
2025-02-04 11:24:00,154.9,108.6,51.69999999999999,3877.499999999999,2025-02-04_reentry_4
2025-02-04 11:25:00,151.35,111.95,51.89999999999998,3892.499999999998,2025-02-04_reentry_4
2025-02-04 11:26:00,153.9,114.2,47.099999999999966,3532.4999999999973,2025-02-04_reentry_4
2025-02-04 11:27:00,154.6,114.0,46.599999999999966,3494.9999999999973,2025-02-04_reentry_4
2025-02-04 11:28:00,152.9,113.15,49.14999999999998,3686.249999999998,2025-02-04_reentry_4
2025-02-04 11:29:00,150.35,115.85,49.0,3675.0,2025-02-04_reentry_4
2025-02-04 11:30:00,153.5,112.3,49.39999999999998,3704.999999999998,2025-02-04_reentry_4
2025-02-04 11:31:00,156.15,109.0,50.05000000000001,3753.750000000001,2025-02-04_reentry_4
2025-02-04 11:32:00,155.95,110.25,49.0,3675.0,2025-02-04_reentry_4
2025-02-04 11:33:00,154.45,110.3,50.44999999999999,3783.749999999999,2025-02-04_reentry_4
2025-02-04 11:34:00,151.45,111.25,52.5,3937.5,2025-02-04_reentry_4
2025-02-04 11:35:00,155.4,108.45,51.349999999999966,3851.2499999999973,2025-02-04_reentry_4
2025-02-04 11:36:00,154.55,109.9,50.74999999999994,3806.249999999996,2025-02-04_reentry_4
2025-02-04 11:37:00,156.25,108.0,50.94999999999999,3821.249999999999,2025-02-04_reentry_4
2025-02-04 11:38:00,157.2,106.35,51.650000000000034,3873.7500000000027,2025-02-04_reentry_4
2025-02-04 11:39:00,158.1,103.5,53.599999999999966,4019.9999999999973,2025-02-04_reentry_4
2025-02-04 11:40:00,154.45,107.2,53.55000000000001,4016.250000000001,2025-02-04_reentry_4
2025-02-04 11:41:00,152.85,106.95,55.39999999999998,4154.999999999998,2025-02-04_reentry_4
2025-02-04 11:42:00,150.25,106.4,58.55000000000001,4391.250000000001,2025-02-04_reentry_4
2025-02-04 11:43:00,149.3,109.1,56.80000000000001,4260.000000000001,2025-02-04_reentry_4
2025-02-04 11:44:00,148.6,111.1,55.5,4162.5,2025-02-04_reentry_4
2025-02-04 11:45:00,152.0,110.85,52.349999999999966,3926.2499999999973,2025-02-04_reentry_4
2025-02-04 11:46:00,152.3,109.85,53.05000000000001,3978.750000000001,2025-02-04_reentry_4
2025-02-04 11:47:00,152.55,111.15,51.49999999999994,3862.499999999996,2025-02-04_reentry_4
2025-02-04 11:48:00,155.5,111.0,48.69999999999999,3652.499999999999,2025-02-04_reentry_4
2025-02-04 11:49:00,183.2,102.45,29.55000000000001,2216.250000000001,2025-02-04_reentry_4
2025-02-04 11:54:00,117.2,155.15,0.0,0.0,2025-02-04_reentry_5
2025-02-04 11:55:00,114.35,156.1,1.900000000000034,142.50000000000256,2025-02-04_reentry_5
2025-02-04 11:56:00,113.65,156.95,1.75,131.25,2025-02-04_reentry_5
2025-02-04 11:57:00,108.85,159.9,3.6000000000000227,270.0000000000017,2025-02-04_reentry_5
2025-02-04 11:58:00,107.5,156.0,8.850000000000023,663.7500000000017,2025-02-04_reentry_5
2025-02-04 11:59:00,103.45,157.8,11.100000000000023,832.5000000000017,2025-02-04_reentry_5
2025-02-04 12:00:00,100.5,160.95,10.900000000000034,817.5000000000025,2025-02-04_reentry_5
2025-02-04 12:01:00,99.0,163.05,10.300000000000011,772.5000000000009,2025-02-04_reentry_5
2025-02-04 12:02:00,99.1,162.2,11.050000000000068,828.7500000000051,2025-02-04_reentry_5
2025-02-04 12:03:00,99.9,161.15,11.300000000000011,847.5000000000009,2025-02-04_reentry_5
2025-02-04 12:04:00,104.8,155.25,12.300000000000011,922.5000000000009,2025-02-04_reentry_5
2025-02-04 12:05:00,107.4,156.2,8.75,656.25,2025-02-04_reentry_5
2025-02-04 12:06:00,103.0,159.9,9.450000000000045,708.7500000000034,2025-02-04_reentry_5
2025-02-04 12:07:00,100.05,161.75,10.550000000000011,791.2500000000009,2025-02-04_reentry_5
2025-02-04 12:08:00,99.35,161.75,11.25,843.75,2025-02-04_reentry_5
2025-02-04 12:09:00,102.9,155.45,14.0,1050.0,2025-02-04_reentry_5
2025-02-04 12:10:00,106.85,151.65,13.850000000000023,1038.7500000000018,2025-02-04_reentry_5
2025-02-04 12:11:00,109.75,150.15,12.450000000000045,933.7500000000034,2025-02-04_reentry_5
2025-02-04 12:12:00,111.3,150.85,10.200000000000045,765.0000000000034,2025-02-04_reentry_5
2025-02-04 12:13:00,117.65,147.45,7.25,543.75,2025-02-04_reentry_5
2025-02-04 12:14:00,114.65,149.9,7.800000000000011,585.0000000000009,2025-02-04_reentry_5
2025-02-04 12:15:00,119.25,146.6,6.5,487.5,2025-02-04_reentry_5
2025-02-04 12:16:00,115.75,150.95,5.650000000000034,423.75000000000256,2025-02-04_reentry_5
2025-02-04 12:17:00,120.45,148.05,3.8500000000000227,288.7500000000017,2025-02-04_reentry_5
2025-02-04 12:18:00,126.2,143.05,3.1000000000000227,232.5000000000017,2025-02-04_reentry_5
2025-02-04 12:19:00,126.25,146.1,0.0,0.0,2025-02-04_reentry_5
2025-02-04 12:20:00,125.85,147.35,-0.8499999999999659,-63.74999999999744,2025-02-04_reentry_5
2025-02-04 12:21:00,121.6,149.15,1.6000000000000227,120.0000000000017,2025-02-04_reentry_5
2025-02-04 12:22:00,122.85,147.4,2.1000000000000227,157.5000000000017,2025-02-04_reentry_5
2025-02-04 12:23:00,124.65,146.0,1.7000000000000455,127.50000000000341,2025-02-04_reentry_5
2025-02-04 12:24:00,124.15,146.65,1.5500000000000114,116.25000000000085,2025-02-04_reentry_5
2025-02-04 12:25:00,121.6,147.8,2.9500000000000455,221.2500000000034,2025-02-04_reentry_5
2025-02-04 12:26:00,122.8,147.85,1.7000000000000455,127.50000000000341,2025-02-04_reentry_5
2025-02-04 12:27:00,119.75,150.05,2.5500000000000114,191.25000000000085,2025-02-04_reentry_5
2025-02-04 12:28:00,121.9,148.25,2.2000000000000455,165.0000000000034,2025-02-04_reentry_5
2025-02-04 12:29:00,124.75,146.2,1.400000000000034,105.00000000000256,2025-02-04_reentry_5
2025-02-04 12:30:00,126.0,144.0,2.3500000000000227,176.2500000000017,2025-02-04_reentry_5
2025-02-04 12:31:00,128.15,142.2,2.0,150.0,2025-02-04_reentry_5
2025-02-04 12:32:00,133.2,138.35,0.8000000000000682,60.000000000005116,2025-02-04_reentry_5
2025-02-04 12:33:00,130.45,140.85,1.0500000000000682,78.75000000000512,2025-02-04_reentry_5
2025-02-04 12:34:00,129.8,140.8,1.75,131.25,2025-02-04_reentry_5
2025-02-04 12:35:00,129.0,142.9,0.4500000000000455,33.75000000000341,2025-02-04_reentry_5
2025-02-04 12:36:00,130.0,142.7,-0.3499999999999659,-26.249999999997442,2025-02-04_reentry_5
2025-02-04 12:37:00,132.05,141.3,-1.0,-75.0,2025-02-04_reentry_5
2025-02-04 12:38:00,140.15,137.35,-5.149999999999977,-386.2499999999983,2025-02-04_reentry_5
2025-02-04 12:39:00,129.2,145.05,-1.8999999999999773,-142.4999999999983,2025-02-04_reentry_5
2025-02-04 12:40:00,130.65,143.0,-1.2999999999999545,-97.49999999999659,2025-02-04_reentry_5
2025-02-04 12:41:00,132.3,141.8,-1.75,-131.25,2025-02-04_reentry_5
2025-02-04 12:42:00,134.95,141.0,-3.599999999999966,-269.99999999999744,2025-02-04_reentry_5
2025-02-04 12:43:00,133.55,142.75,-3.9499999999999886,-296.24999999999915,2025-02-04_reentry_5
2025-02-04 12:44:00,132.6,141.1,-1.349999999999966,-101.24999999999744,2025-02-04_reentry_5
2025-02-04 12:45:00,128.7,142.95,0.7000000000000455,52.50000000000341,2025-02-04_reentry_5
2025-02-04 12:46:00,133.2,139.9,-0.75,-56.25,2025-02-04_reentry_5
2025-02-04 12:47:00,134.4,139.8,-1.8500000000000227,-138.7500000000017,2025-02-04_reentry_5
2025-02-04 12:48:00,136.4,138.8,-2.8500000000000227,-213.7500000000017,2025-02-04_reentry_5
2025-02-04 12:49:00,137.0,139.35,-4.0,-300.0,2025-02-04_reentry_5
2025-02-04 12:50:00,131.05,143.8,-2.5,-187.5,2025-02-04_reentry_5
2025-02-04 12:51:00,135.85,140.6,-4.099999999999966,-307.49999999999744,2025-02-04_reentry_5
2025-02-04 12:52:00,136.35,136.45,-0.4499999999999318,-33.749999999994884,2025-02-04_reentry_5
2025-02-04 12:53:00,135.7,136.9,-0.25,-18.75,2025-02-04_reentry_5
2025-02-04 12:54:00,137.4,134.55,0.39999999999997726,29.999999999998295,2025-02-04_reentry_5
2025-02-04 12:55:00,136.95,134.55,0.8500000000000227,63.750000000001705,2025-02-04_reentry_5
2025-02-04 12:56:00,138.3,132.2,1.8500000000000227,138.7500000000017,2025-02-04_reentry_5
2025-02-04 12:57:00,135.4,133.45,3.5,262.5,2025-02-04_reentry_5
2025-02-04 12:58:00,137.15,128.15,7.050000000000011,528.7500000000009,2025-02-04_reentry_5
2025-02-04 12:59:00,138.35,127.6,6.400000000000034,480.00000000000256,2025-02-04_reentry_5
2025-02-04 13:00:00,137.0,130.0,5.350000000000023,401.2500000000017,2025-02-04_reentry_5
2025-02-04 13:01:00,133.65,131.8,6.899999999999977,517.4999999999983,2025-02-04_reentry_5
2025-02-04 13:02:00,128.75,135.35,8.25,618.75,2025-02-04_reentry_5
2025-02-04 13:03:00,130.0,133.7,8.650000000000034,648.7500000000025,2025-02-04_reentry_5
2025-02-04 13:04:00,126.2,137.25,8.900000000000034,667.5000000000025,2025-02-04_reentry_5
2025-02-04 13:05:00,122.25,140.3,9.800000000000011,735.0000000000009,2025-02-04_reentry_5
2025-02-04 13:06:00,123.95,135.0,13.400000000000034,1005.0000000000025,2025-02-04_reentry_5
2025-02-04 13:07:00,128.5,131.25,12.600000000000023,945.0000000000017,2025-02-04_reentry_5
2025-02-04 13:08:00,132.0,130.5,9.850000000000023,738.7500000000017,2025-02-04_reentry_5
2025-02-04 13:09:00,136.85,127.6,7.900000000000034,592.5000000000025,2025-02-04_reentry_5
2025-02-04 13:10:00,143.75,126.0,2.6000000000000227,195.0000000000017,2025-02-04_reentry_5
2025-02-04 13:15:00,115.6,147.4,0.0,0.0,2025-02-04_reentry_6
2025-02-04 13:16:00,118.75,144.75,-0.5,-37.5,2025-02-04_reentry_6
2025-02-04 13:17:00,118.8,142.4,1.8000000000000114,135.00000000000085,2025-02-04_reentry_6
2025-02-04 13:18:00,111.7,146.35,4.949999999999989,371.24999999999915,2025-02-04_reentry_6
2025-02-04 13:19:00,112.45,146.15,4.399999999999977,329.9999999999983,2025-02-04_reentry_6
2025-02-04 13:20:00,117.65,142.35,3.0,225.0,2025-02-04_reentry_6
2025-02-04 13:21:00,124.6,135.5,2.8999999999999773,217.4999999999983,2025-02-04_reentry_6
2025-02-04 13:22:00,120.05,138.95,4.0,300.0,2025-02-04_reentry_6
2025-02-04 13:23:00,117.8,140.0,5.199999999999989,389.99999999999915,2025-02-04_reentry_6
2025-02-04 13:24:00,117.0,140.85,5.149999999999977,386.2499999999983,2025-02-04_reentry_6
2025-02-04 13:25:00,116.95,141.05,5.0,375.0,2025-02-04_reentry_6
2025-02-04 13:26:00,119.25,139.4,4.350000000000023,326.2500000000017,2025-02-04_reentry_6
2025-02-04 13:27:00,119.9,140.3,2.7999999999999545,209.9999999999966,2025-02-04_reentry_6
2025-02-04 13:28:00,120.0,141.15,1.8500000000000227,138.7500000000017,2025-02-04_reentry_6
2025-02-04 13:29:00,119.85,140.85,2.3000000000000114,172.50000000000085,2025-02-04_reentry_6
2025-02-04 13:30:00,117.9,141.75,3.3500000000000227,251.2500000000017,2025-02-04_reentry_6
2025-02-04 13:31:00,119.25,141.15,2.6000000000000227,195.0000000000017,2025-02-04_reentry_6
2025-02-04 13:32:00,118.3,142.0,2.6999999999999886,202.49999999999915,2025-02-04_reentry_6
2025-02-04 13:33:00,118.5,142.0,2.5,187.5,2025-02-04_reentry_6
2025-02-04 13:34:00,140.7,127.05,-4.75,-356.25,2025-02-04_reentry_6
2025-02-04 13:39:00,113.65,151.1,0.0,0.0,2025-02-04_reentry_7
2025-02-04 13:40:00,103.45,157.7,3.6000000000000227,270.0000000000017,2025-02-04_reentry_7
2025-02-04 13:41:00,102.8,162.0,-0.05000000000001137,-3.7500000000008527,2025-02-04_reentry_7
2025-02-04 13:42:00,103.2,162.5,-0.9499999999999886,-71.24999999999915,2025-02-04_reentry_7
2025-02-04 13:43:00,104.95,157.9,1.8999999999999773,142.4999999999983,2025-02-04_reentry_7
2025-02-04 13:44:00,100.15,158.8,5.7999999999999545,434.9999999999966,2025-02-04_reentry_7
2025-02-04 13:45:00,103.65,154.75,6.350000000000023,476.2500000000017,2025-02-04_reentry_7
2025-02-04 13:46:00,105.75,152.55,6.449999999999989,483.74999999999915,2025-02-04_reentry_7
2025-02-04 13:47:00,107.4,150.7,6.649999999999977,498.7499999999983,2025-02-04_reentry_7
2025-02-04 13:48:00,108.45,148.8,7.5,562.5,2025-02-04_reentry_7
2025-02-04 13:49:00,113.65,145.25,5.850000000000023,438.7500000000017,2025-02-04_reentry_7
2025-02-04 13:50:00,114.1,146.7,3.9500000000000455,296.2500000000034,2025-02-04_reentry_7
2025-02-04 13:51:00,115.45,144.8,4.5,337.5,2025-02-04_reentry_7
2025-02-04 13:52:00,118.25,141.6,4.899999999999977,367.4999999999983,2025-02-04_reentry_7
2025-02-04 13:53:00,114.45,144.0,6.300000000000011,472.50000000000085,2025-02-04_reentry_7
2025-02-04 13:54:00,113.25,145.6,5.899999999999977,442.4999999999983,2025-02-04_reentry_7
2025-02-04 13:55:00,109.05,147.0,8.699999999999989,652.4999999999991,2025-02-04_reentry_7
2025-02-04 13:56:00,109.65,147.0,8.100000000000023,607.5000000000017,2025-02-04_reentry_7
2025-02-04 13:57:00,110.0,142.9,11.849999999999994,888.7499999999995,2025-02-04_reentry_7
2025-02-04 13:58:00,107.3,144.65,12.800000000000011,960.0000000000009,2025-02-04_reentry_7
2025-02-04 13:59:00,104.7,146.7,13.350000000000023,1001.2500000000017,2025-02-04_reentry_7
2025-02-04 14:00:00,108.65,141.7,14.400000000000006,1080.0000000000005,2025-02-04_reentry_7
2025-02-04 14:01:00,106.65,142.8,15.299999999999983,1147.4999999999986,2025-02-04_reentry_7
2025-02-04 14:02:00,104.7,145.45,14.600000000000023,1095.0000000000018,2025-02-04_reentry_7
2025-02-04 14:03:00,98.95,149.4,16.399999999999977,1229.9999999999982,2025-02-04_reentry_7
2025-02-04 14:04:00,96.4,149.3,19.049999999999983,1428.7499999999986,2025-02-04_reentry_7
2025-02-04 14:05:00,95.65,147.8,21.299999999999983,1597.4999999999986,2025-02-04_reentry_7
2025-02-04 14:06:00,102.55,137.0,25.19999999999999,1889.999999999999,2025-02-04_reentry_7
2025-02-04 14:07:00,102.65,135.9,26.19999999999999,1964.999999999999,2025-02-04_reentry_7
2025-02-04 14:08:00,101.05,135.8,27.899999999999977,2092.499999999998,2025-02-04_reentry_7
2025-02-04 14:09:00,99.0,133.5,32.25,2418.75,2025-02-04_reentry_7
2025-02-04 14:10:00,88.7,141.6,34.44999999999999,2583.749999999999,2025-02-04_reentry_7
2025-02-04 14:11:00,85.1,143.0,36.650000000000006,2748.7500000000005,2025-02-04_reentry_7
2025-02-04 14:12:00,79.25,154.0,31.5,2362.5,2025-02-04_reentry_7
2025-02-04 14:13:00,72.0,162.9,29.849999999999994,2238.7499999999995,2025-02-04_reentry_7
2025-02-04 14:14:00,73.65,156.6,34.5,2587.5,2025-02-04_reentry_7
2025-02-04 14:15:00,71.1,164.5,29.150000000000006,2186.2500000000005,2025-02-04_reentry_7
2025-02-04 14:16:00,74.85,158.55,31.349999999999994,2351.2499999999995,2025-02-04_reentry_7
2025-02-04 14:17:00,75.95,156.8,32.0,2400.0,2025-02-04_reentry_7
2025-02-04 14:18:00,74.85,158.85,31.05000000000001,2328.750000000001,2025-02-04_reentry_7
2025-02-04 14:19:00,70.85,159.7,34.20000000000002,2565.0000000000014,2025-02-04_reentry_7
2025-02-04 14:20:00,73.95,154.7,36.10000000000002,2707.500000000002,2025-02-04_reentry_7
2025-02-04 14:21:00,70.6,158.9,35.25,2643.75,2025-02-04_reentry_7
2025-02-04 14:22:00,66.1,165.55,33.099999999999994,2482.4999999999995,2025-02-04_reentry_7
2025-02-04 14:23:00,66.0,164.9,33.849999999999994,2538.7499999999995,2025-02-04_reentry_7
2025-02-04 14:24:00,65.75,163.85,35.150000000000006,2636.2500000000005,2025-02-04_reentry_7
2025-02-04 14:25:00,65.25,164.65,34.849999999999994,2613.7499999999995,2025-02-04_reentry_7
2025-02-04 14:26:00,67.4,162.4,34.94999999999999,2621.249999999999,2025-02-04_reentry_7
2025-02-04 14:27:00,68.85,158.7,37.20000000000002,2790.0000000000014,2025-02-04_reentry_7
2025-02-04 14:28:00,68.8,161.9,34.05000000000001,2553.750000000001,2025-02-04_reentry_7
2025-02-04 14:29:00,68.0,163.45,33.30000000000001,2497.500000000001,2025-02-04_reentry_7
2025-02-04 14:30:00,77.75,149.3,37.69999999999999,2827.499999999999,2025-02-04_reentry_7
2025-02-04 14:31:00,80.95,141.6,42.19999999999999,3164.999999999999,2025-02-04_reentry_7
2025-02-04 14:32:00,79.4,142.7,42.650000000000006,3198.7500000000005,2025-02-04_reentry_7
2025-02-04 14:33:00,76.1,144.9,43.75,3281.25,2025-02-04_reentry_7
2025-02-04 14:34:00,77.35,141.15,46.25,3468.75,2025-02-04_reentry_7
2025-02-04 14:35:00,78.55,133.55,52.64999999999998,3948.749999999998,2025-02-04_reentry_7
2025-02-04 14:36:00,84.5,120.3,59.94999999999999,4496.249999999999,2025-02-04_reentry_7
2025-02-04 14:37:00,92.45,110.6,61.69999999999999,4627.499999999999,2025-02-04_reentry_7
2025-02-04 14:38:00,92.55,112.1,60.10000000000002,4507.500000000002,2025-02-04_reentry_7
2025-02-04 14:39:00,95.35,110.3,59.10000000000002,4432.500000000002,2025-02-04_reentry_7
2025-02-04 14:40:00,95.65,110.0,59.099999999999994,4432.5,2025-02-04_reentry_7
2025-02-04 14:41:00,97.55,102.65,64.55000000000001,4841.250000000001,2025-02-04_reentry_7
2025-02-04 14:42:00,92.3,107.35,65.10000000000002,4882.500000000002,2025-02-04_reentry_7
2025-02-04 14:43:00,92.95,105.4,66.39999999999998,4979.999999999998,2025-02-04_reentry_7
2025-02-04 14:44:00,91.1,108.4,65.25,4893.75,2025-02-04_reentry_7
2025-02-04 14:45:00,85.2,113.45,66.1,4957.5,2025-02-04_reentry_7
2025-02-04 14:46:00,91.75,105.55,67.44999999999999,5058.749999999999,2025-02-04_reentry_7
2025-02-04 14:47:00,95.1,103.2,66.44999999999999,4983.749999999999,2025-02-04_reentry_7
2025-02-04 14:48:00,93.2,102.6,68.94999999999999,5171.249999999999,2025-02-04_reentry_7
2025-02-04 14:49:00,90.4,104.15,70.19999999999999,5264.999999999999,2025-02-04_reentry_7
2025-02-04 14:50:00,94.05,98.95,71.75,5381.25,2025-02-04_reentry_7
2025-02-04 14:51:00,95.0,98.75,71.0,5325.0,2025-02-04_reentry_7
2025-02-04 14:52:00,90.7,101.25,72.80000000000001,5460.000000000001,2025-02-04_reentry_7
2025-02-04 14:53:00,92.95,99.4,72.39999999999998,5429.999999999998,2025-02-04_reentry_7
2025-02-04 14:54:00,91.6,99.8,73.35000000000002,5501.250000000002,2025-02-04_reentry_7
2025-02-04 14:55:00,93.5,100.5,70.75,5306.25,2025-02-04_reentry_7
2025-02-04 14:56:00,92.3,100.25,72.19999999999999,5414.999999999999,2025-02-04_reentry_7
2025-02-04 14:57:00,92.3,99.85,72.60000000000002,5445.000000000002,2025-02-04_reentry_7
2025-02-04 14:58:00,99.8,91.8,73.15,5486.25,2025-02-04_reentry_7
2025-02-04 14:59:00,99.55,92.2,73.0,5475.0,2025-02-04_reentry_7
2025-02-04 15:00:00,93.15,96.0,75.6,5670.0,2025-02-04_reentry_7
2025-02-04 15:01:00,97.95,92.3,74.5,5587.5,2025-02-04_reentry_7
2025-02-04 15:02:00,96.2,94.05,74.5,5587.5,2025-02-04_reentry_7
2025-02-04 15:03:00,94.95,93.15,76.64999999999998,5748.749999999998,2025-02-04_reentry_7
2025-02-04 15:04:00,99.0,86.85,78.9,5917.5,2025-02-04_reentry_7
2025-02-04 15:05:00,90.55,92.9,81.30000000000001,6097.500000000001,2025-02-04_reentry_7
2025-02-04 15:06:00,92.6,92.2,79.94999999999999,5996.249999999999,2025-02-04_reentry_7
2025-02-04 15:07:00,93.8,92.5,78.44999999999999,5883.749999999999,2025-02-04_reentry_7
2025-02-04 15:08:00,95.25,90.5,79.0,5925.0,2025-02-04_reentry_7
2025-02-04 15:09:00,96.9,88.5,79.35,5951.25,2025-02-04_reentry_7
2025-02-04 15:10:00,95.2,91.6,77.94999999999999,5846.249999999999,2025-02-04_reentry_7
2025-02-04 15:11:00,92.9,92.05,79.80000000000001,5985.000000000001,2025-02-04_reentry_7
2025-02-04 15:12:00,96.3,89.1,79.35000000000002,5951.250000000002,2025-02-04_reentry_7
2025-02-04 15:13:00,96.4,89.6,78.75,5906.25,2025-02-04_reentry_7
2025-02-04 15:14:00,98.7,86.45,79.6,5970.0,2025-02-04_reentry_7
2025-02-04 15:15:00,92.5,93.8,78.44999999999999,5883.749999999999,2025-02-04_reentry_7
2025-02-04 15:16:00,92.9,94.5,77.35,5801.25,2025-02-04_reentry_7
2025-02-04 15:17:00,92.65,95.65,76.44999999999999,5733.749999999999,2025-02-04_reentry_7
2025-02-04 15:18:00,91.45,96.3,77.0,5775.0,2025-02-04_reentry_7
2025-02-04 15:19:00,93.05,95.05,76.65,5748.75,2025-02-04_reentry_7
2025-02-04 15:20:00,90.55,96.0,78.19999999999999,5864.999999999999,2025-02-04_reentry_7
